subjectid,lyapunovExponent,approxEntropy,sampleEntropy,MSE1,MSE2,MSE3,MSE4,MSE5,Ci
02MJoCiL,-0.046519799,0.230570277,0.17704226,0.065162956,0.121386287,0.194197351,0.245188835,0.303135816,0.929071245
0Srk33xU,-0.039200932,0.25145763,0.162360388,0.060900641,0.110982978,0.173510927,0.209917789,0.197217951,0.752530286
0nUjlcd7,0.003995622,0.170765244,0.123415146,0.053121604,0.105063295,0.161441279,0.227506861,0.280409313,0.827542351
15IPa5iS,-0.009764601,0.175868125,0.099843826,0.036393824,0.075597114,0.108821346,0.144772752,0.1889661,0.554551135
1O18MObh,-0.015433892,0.195173678,0.086226764,0.053831015,0.097507287,0.149934583,0.203217125,0.260601114,0.765091124
1ovgasC1,-0.037061371,0.252855698,0.168955276,0.093290539,0.147718135,0.186238994,0.155839869,0.147506137,0.730593675
1wXKj1Hr,-0.020702469,0.22324628,0.123402891,0.032890753,0.072708818,0.105325142,0.128143401,0.158131145,0.497199258
1y68rPwI,-0.269176939,0.183428457,0.11688675,0.045504842,0.09185766,0.153102022,0.219524531,0.28347154,0.793460595
2SV6hYB2,0.005246371,0.251317698,0.176478786,0.063325281,0.105095661,0.175521701,0.235496319,0.263065445,0.842504407
2geyDTFU,-0.221474152,0.595203596,0.566979386,0.089808487,0.156228711,0.215693186,0.25064647,0.26887274,0.981249594
3E8qiyD2,-0.043587224,0.199313227,0.1120315,0.048689545,0.106357869,0.133784807,0.168802464,0.163390182,0.621024868
3nkxadKi,-0.0350538,0.258325785,0.164718581,0.082563144,0.141358143,0.191119267,0.185592206,0.189242,0.78987476
3sWbPSJv,0.124268496,0.113031555,0.042119946,0.025324506,0.042412525,0.060742521,0.082538948,0.10310691,0.31412541
47x9mXqX,-0.043150055,0.41163042,0.340836646,0.083509003,0.151140009,0.232527667,0.31605277,0.381500828,1.164730277
4Lm6PzX2,-0.058555131,0.183611613,0.093363334,0.033150846,0.059653292,0.08152459,0.106288947,0.134848449,0.415466124
4OQQyQYB,-0.022528288,0.195030865,0.131877221,0.063163247,0.123842248,0.166235419,0.188052232,0.106294659,0.647587804
4RLH9WCs,-0.055933705,0.191181261,0.138339922,0.064220662,0.12463105,0.207991746,0.257829109,0.272866987,0.927539554
4WBQNF9z,-0.013171851,0.3345111,0.278500958,0.073776603,0.153727623,0.24149269,0.312826254,0.301475395,1.083298565
4b23aG2i,-0.043119107,0.316352476,0.226627152,0.057613242,0.110124677,0.137079593,0.1748916,0.179971379,0.659680491
4dh5A2nv,-0.021873751,0.23187826,0.244196961,0.113583983,0.117676295,0.103011718,0.129759227,0.125688215,0.589719438
5illwZ0w,0.009036065,0.196781973,0.140982259,0.052447798,0.100291255,0.156814457,0.224995594,0.272866987,0.807416091
5msHe2ZM,-0.067270081,0.268584339,0.180387183,0.095072791,0.236124263,0.350013804,0.353931458,0.271933715,1.307076031
5y8S8nC6,-0.04209255,0.245261321,0.198617196,0.063631696,0.120702746,0.183196393,0.222512437,0.193467783,0.783511055
6HTqE41x,0.013832226,0.288859798,0.189330069,0.053985555,0.08279582,0.130513815,0.16593632,0.219609498,0.652841009
6MFubdNK,-0.154328748,0.238670051,0.133726451,0.064128126,0.106864466,0.178423716,0.216396056,0.26891197,0.834724334
6PBhAWnI,-0.068576284,0.233298431,0.169422938,0.072500381,0.115898021,0.182321557,0.194691604,0.217268587,0.78268015
6U6mieI8,-0.002714554,0.219925753,0.160174209,0.081228081,0.14110051,0.199542155,0.234839591,0.158089243,0.81479958
7Vgougy8,-0.065984303,0.353419406,0.412875044,0.095964969,0.115754076,0.136361138,0.098580829,0.123613956,0.570274968
89hcos29,-0.045199545,0.262051529,0.239800105,0.092360558,0.181365077,0.220671362,0.178248231,0.124562723,0.797207951
8CHx7D0i,-0.041652593,0.204001385,0.117527575,0.054784761,0.094543798,0.146512452,0.20986902,0.255290577,0.761000608
8S2DLkDz,-0.041679761,0.296529769,0.221045893,0.084653462,0.15415068,0.253617853,0.261758387,0.175093854,0.929274236
8dLqK0KT,0.020553496,0.285004476,0.185320949,0.08706888,0.166229385,0.281364932,0.266628663,0.263814591,1.065106451
8elUiJYv,-0.08701108,0.335096945,0.259985534,0.062563544,0.111285397,0.144066561,0.15866536,0.133008243,0.609589105
8qkEAiHL,-0.030404798,0.276586868,0.260296578,0.088291271,0.143028652,0.192041025,0.143100844,0.03509132,0.601553111
8t6W3ykG,-0.003307669,0.388974917,0.400126067,0.105105288,0.159276268,0.189678395,0.133531393,0.070617567,0.658208911
98l8KpqV,-0.03315338,0.29891372,0.248175264,0.077707374,0.157367841,0.264455222,0.32661387,0.2095173,1.035661606
9Ex5Byum,0.002010843,0.250003174,0.125694018,0.06084945,0.103810018,0.134619942,0.158886964,0.179937765,0.63810414
A5ya7RsN,-0.032909984,0.214569518,0.144795959,0.072311367,0.104880724,0.156830353,0.189952169,0.184922338,0.708896951
AA9IzAL1,0.004253966,0.351514593,0.228488465,0.079739452,0.146858725,0.240630566,0.31659672,0.335084311,1.118909774
AVXJQX9B,-0.042280287,0.223616682,0.13929407,0.063323069,0.109449579,0.159515299,0.197622402,0.273250371,0.80316072
Abnitm4V,-0.020231057,0.220748348,0.156376192,0.075508647,0.105301604,0.162125538,0.170860113,0.226184608,0.73998051
AnEq8Uph,-0.005711386,0.221114497,0.122288854,0.062012296,0.110702593,0.137612214,0.158536652,0.151834524,0.620698279
Aq75NMHO,-0.006194855,0.18132838,0.108909566,0.048901713,0.088840708,0.136733772,0.186769516,0.21224096,0.673486668
Ar8WVEB8,-0.070808889,0.296295987,0.258906872,0.10163152,0.122135514,0.126842404,0.102745158,0.100925919,0.554280515
Awp7L46g,-0.010426802,0.213355269,0.096645358,0.060792751,0.117478575,0.189287914,0.268574626,0.307572231,0.943706098
B0Su5xdm,-0.01719858,0.211296535,0.127893611,0.037923416,0.087428478,0.119704736,0.148713336,0.16931132,0.563081286
BFP7TMfA,0.005614481,0.268481629,0.162581245,0.089726748,0.129731969,0.185293327,0.212597442,0.296932832,0.914282318
BMBD4fpK,-0.111856635,0.357749032,0.259348213,0.085730092,0.153813696,0.248766656,0.353931458,0.402092424,1.244334325
BvPM57u7,-0.008642242,0.221439704,0.109096045,0.051839602,0.102010587,0.134202308,0.16170852,0.173609616,0.623370633
C5LRwSjU,-0.025035704,0.254391406,0.234676535,0.087534409,0.119627754,0.135324823,0.128668843,0.090514008,0.561669837
C5W4TIo7,-0.04799301,0.428339644,0.35772558,0.060567082,0.10795295,0.15765331,0.227481953,0.303865196,0.85752049
CAMRbQ1K,-0.001646612,0.260153079,0.202400471,0.084178585,0.166292719,0.262364264,0.338325805,0.45366721,1.304828583
CCBwJuQg,0.021387557,0.259314346,0.142739845,0.056542071,0.111269074,0.166028389,0.233193887,0.30378548,0.870818901
CWf3eyvo,-0.002648061,0.223127555,0.144489901,0.047230563,0.094253262,0.137109214,0.172855451,0.196351034,0.647799523
Cr8FATng,-0.088899514,0.189131846,0.141987194,0.086767392,0.14964504,0.247475652,0.253880177,0.228633044,0.966401305
CvpdKx9g,0.011708356,0.258390886,0.213511823,0.070531153,0.145353943,0.219823128,0.273932517,0.352282843,1.061923583
Cw8bz9tw,-0.021037984,0.210124361,0.159687243,0.068640623,0.137417707,0.188354758,0.254450456,0.3254224,0.974285943
DHAxflfI,-0.048111391,0.245623825,0.156167279,0.064706283,0.130048102,0.180151028,0.259825118,0.324461324,0.959191855
DVmTCuSO,-0.02583844,0.213365148,0.163381484,0.054724397,0.098621229,0.145605541,0.207525411,0.273113657,0.779590235
DckqPvXh,-0.004451924,0.193754119,0.126069942,0.075522327,0.112577402,0.163483715,0.198309419,0.195744577,0.74563744
Di0gPE0H,-0.072981283,0.243535121,0.19407141,0.069443342,0.1077714,0.16565646,0.228427579,0.212626906,0.783925689
Dkjr9F7k,-0.037654312,0.268209704,0.184154145,0.070819963,0.129007453,0.20449423,0.233310669,0.197825743,0.835458058
EHotqA24,-0.057101141,0.236702806,0.179425825,0.079404294,0.171335138,0.189647597,0.149531734,0.135036284,0.724955047
EL0qvt0M,-0.007650188,0.20834824,0.110817947,0.061585373,0.128072007,0.192638524,0.291298713,0.417299566,1.090894182
EQSaAnPk,-0.019004571,0.229837816,0.18806481,0.057761323,0.118372311,0.16056507,0.16882087,0.128342796,0.63386237
ESzlIzyO,-0.048634875,0.174680319,0.095286178,0.076049766,0.165116225,0.276954,0.286513165,0.175632569,0.980265725
EuMyzKCY,-0.122282732,0.48599367,0.382623001,0.086407899,0.164465958,0.218049769,0.261174496,0.278505481,1.008603602
F6PuVthQ,-0.207393444,0.170169711,0.105676761,0.062087457,0.126766467,0.20154528,0.277338202,0.305619773,0.973357178
FDrWmipp,-0.022267027,0.213621446,0.191252589,0.068001353,0.114544222,0.165514438,0.185281598,0.13630532,0.669646932
FDzVFOBn,-0.68206924,0.264321239,0.22030935,0.094507128,0.144986272,0.17030107,0.197435195,0.223143551,0.830373216
FWDyTLr2,-0.023204641,0.307964003,0.192354129,0.034568375,0.074953429,0.105153562,0.138378285,0.171781991,0.524835642
FsNM5n5s,-0.027663268,0.263625562,0.209982612,0.071548476,0.145763961,0.231195406,0.257186436,0.274436846,0.980131125
G0vvcncN,-0.009514262,0.161553937,0.104848945,0.068049937,0.150099358,0.228365495,0.238579359,0.266523847,0.951617996
GESYi2xq,-0.026027294,0.190264921,0.102593646,0.033250388,0.073077851,0.106157178,0.142076531,0.157680511,0.512242458
GITsdVy7,-0.086406775,0.281683628,0.243619099,0.062762041,0.132734694,0.225919743,0.303682414,0.37217913,1.097278023
GLKexPjc,-0.029338098,0.239976263,0.166290078,0.044656391,0.09398968,0.12907558,0.147483988,0.175129785,0.590335424
GWB9Uvrb,-0.019505555,0.177536575,0.110020154,0.038127454,0.083901927,0.117191994,0.160773221,0.181242725,0.58123732
GboPBbli,-0.021136733,0.168913789,0.116713506,0.06777337,0.119693256,0.155742614,0.180488376,0.141186444,0.66488406
GjPHiGli,-0.021670399,0.311854257,0.204209568,0.045558171,0.095287876,0.119775352,0.162966925,0.194488296,0.618076619
GwvQ3hpI,-0.017655325,0.221559849,0.15777183,0.050978247,0.096744071,0.14027474,0.191020702,0.248739099,0.727756858
H1SDVD0X,-0.079424945,0.186026873,0.113640357,0.049931161,0.090342993,0.145121992,0.191574762,0.240294566,0.717265475
HA57ijek,-0.037118658,0.182120441,0.109663911,0.05633295,0.108703356,0.168068619,0.234514489,0.310154928,0.877774342
HAKCEJWo,-0.00599767,0.289206426,0.177283136,0.027033031,0.059229492,0.08466777,0.114900359,0.151363284,0.437193935
HWfZASLi,-0.070682104,0.234104905,0.133807661,0.052223716,0.084151266,0.125649616,0.184225866,0.245373022,0.691623485
HpYl7dTS,-0.043725639,0.198590578,0.135760078,0.06154862,0.104629912,0.165334616,0.247669777,0.28563079,0.864813714
IpAvcDzr,-0.039912238,0.337383058,0.296731908,0.084474931,0.166247226,0.213500275,0.240808387,0.173663494,0.878694314
J8qdjHy8,-0.030251011,0.221325261,0.168362118,0.049322929,0.101908302,0.14432685,0.179850777,0.209857715,0.685266573
JFoDIM9T,-0.035808055,0.28505882,0.208241071,0.076727275,0.129168207,0.18050832,0.184596871,0.152016207,0.72301688
JKDP8D2e,0.011214405,0.285211742,0.224372808,0.119429275,0.197704214,0.286663224,0.364930925,0.427444015,1.396171653
JNh9mTC7,-0.013023031,0.225392792,0.11861541,0.05010747,0.090465717,0.127208583,0.161818894,0.182321557,0.611922222
JOmsdP6A,-0.040550347,0.432928377,0.328197741,0.051015932,0.106738013,0.144634667,0.189453528,0.234671056,0.726513196
JUvMRml6,-0.097475256,0.182044505,0.112009143,0.061789164,0.111142184,0.161368843,0.193835399,0.206576477,0.734712067
Jbr8myiV,-0.000198934,0.154430735,0.085330458,0.022361264,0.048880702,0.072563683,0.090554106,0.112071224,0.346430979
Je470A3u,-0.013585183,0.179655176,0.095935506,0.065054245,0.12360697,0.190978349,0.255859891,0.298044859,0.933544315
JoT31ute,-0.042468071,0.297343157,0.16835948,0.032440672,0.070874684,0.105062957,0.129411074,0.17651771,0.514307096
Jz7HcSm7,-0.058869054,0.267010054,0.239039315,0.081544092,0.139498048,0.202558914,0.197359434,0.12899212,0.749952607
K7pXSGJ9,0.002878255,0.381512602,0.316559193,0.054678963,0.097217675,0.131513228,0.175342708,0.222088513,0.680841088
KHDHZ4c5,-0.008957654,0.127097565,0.076530694,0.014460132,0.028530129,0.044278824,0.062063585,0.080427921,0.22976059
KNaNAjLP,-0.037127659,0.204315056,0.148320761,0.059271002,0.110075917,0.175518809,0.25187262,0.292432675,0.889171023
Kc2t70BJ,-0.179878018,0.181387511,0.103264755,0.07533999,0.141402006,0.22517342,0.276489532,0.339403357,1.057808306
KmpRQuJD,-0.031593501,0.217858761,0.130159817,0.059122866,0.098309189,0.150780062,0.173523167,0.21217452,0.693909805
KyINSk8e,-0.044050493,0.255142622,0.193126201,0.051947662,0.096968162,0.154943136,0.237723955,0.297754415,0.839337331
L2GIBJN1,-0.031389998,0.31975302,0.235091348,0.069086369,0.137494622,0.207484394,0.281251182,0.285881892,0.981198459
LAervIgm,0.015451521,0.308873787,0.243369609,0.071640064,0.132123537,0.20620155,0.249034965,0.326344059,0.985344175
M0sPVbHP,0.007756365,0.063760952,0.039937675,0.007805497,0.015274804,0.023111265,0.031758727,0.041395883,0.119346176
MKMvRw1P,-0.14201832,0.242547259,0.160446945,0.081795645,0.116983355,0.162147705,0.209992123,0.221121306,0.792040134
MSYVAPeM,0.007500537,0.183833929,0.111715196,0.077765986,0.131424452,0.168163347,0.282815883,0.190043603,0.85021327
MVWT4FfX,-0.01281848,0.290316194,0.191189835,0.053530393,0.096872566,0.142403823,0.197546764,0.246860078,0.737213624
MVZpHgro,0.039835588,0.323943935,0.22029994,0.061703788,0.105968451,0.171850257,0.237000586,0.313657559,0.89018064
MeABXs62,-0.060469412,0.309291283,0.226316851,0.062177798,0.128784461,0.153164973,0.15449157,0.099485551,0.598104352
MfzjZe52,-0.017212831,0.192793023,0.087972233,0.034412368,0.076813685,0.09938471,0.129682597,0.171514492,0.511807852
N6l5Ci6H,-0.007290117,0.259735412,0.155281674,0.060605213,0.09058523,0.129211731,0.171080626,0.202613387,0.654096187
NCK9pYwX,-0.018349029,0.240615801,0.162269627,0.060005931,0.120900302,0.202182763,0.262851001,0.311351817,0.957291814
Ni69ryle,-0.032246112,0.235300122,0.161120996,0.06795391,0.13945885,0.215421505,0.230709792,0.214656937,0.868200995
O21FTG3F,-0.020712138,0.248578978,0.149955456,0.041225327,0.091074659,0.116367607,0.13294206,0.139248961,0.520858613
O2Kvv0GJ,-0.017036259,0.233160807,0.186198663,0.053893273,0.096878741,0.148080216,0.182945582,0.209857715,0.691655526
OioJ5LuN,-0.036938722,0.249074957,0.231171693,0.082299762,0.137154585,0.21566222,0.256719847,0.183252222,0.875088636
Or1k3cMJ,-0.532561374,0.358041467,0.289650271,0.069734876,0.128008029,0.1270204,0.098225027,0.091318159,0.514306491
OuYG4U64,-0.05308693,0.204000244,0.174133884,0.057740583,0.109072536,0.159421024,0.197721928,0.169684973,0.693641044
P2CZntyu,-0.043685353,0.444179528,0.301887919,0.048934862,0.089829397,0.128607112,0.152843704,0.196191405,0.61640648
P5wlKd0H,0.006543283,0.169121562,0.101144714,0.06539144,0.144512175,0.229862502,0.29600212,0.36639764,1.102165877
PA4bXBlr,-0.011802683,0.248225686,0.220741648,0.062933795,0.120327065,0.141029085,0.137358416,0.0908384,0.552486761
PHr2f4TQ,-0.003885127,0.193718483,0.139093537,0.056069553,0.103362673,0.155661254,0.199852833,0.291883759,0.806830073
PJ2s4y3i,-0.024770272,0.254165282,0.178686942,0.040110674,0.087270638,0.119184971,0.162298641,0.166772962,0.575637886
PKYf165r,-0.029518768,0.375097611,0.317814822,0.080037299,0.129857987,0.161398139,0.173931134,0.231203468,0.776428027
POQZgYEM,-0.036569331,0.222858855,0.167097558,0.060728701,0.110804187,0.165718079,0.193979881,0.23944826,0.770679108
PcUj1dc8,-0.140137857,0.194958541,0.144401965,0.082704004,0.182222699,0.275486799,0.279908574,0.195424782,1.015746858
PftjeXxz,-0.054371089,0.434043893,0.352726066,0.074040524,0.120937917,0.137914161,0.186169423,0.225806669,0.744868694
PhCyuRvo,-0.038140879,0.283592735,0.172699244,0.042254894,0.085358672,0.106843938,0.145515137,0.17944003,0.55941267
Q0xDqlUa,-0.008979531,0.353741568,0.274603152,0.083346192,0.169412375,0.255038224,0.370859579,0.43036266,1.30901903
QJ2012XI,-0.055623109,0.291210678,0.288435774,0.083295952,0.119999386,0.112706125,0.083487144,0.097422113,0.49691072
QLZHPS8I,-0.128140339,0.220672125,0.175065036,0.08031889,0.187857555,0.29552525,0.338975367,0.304211374,1.206888436
QNEd2eGX,-0.032629785,0.221416797,0.142585899,0.03262346,0.072323799,0.105432598,0.129255744,0.163934931,0.503570531
Qk66Dk9d,-0.168301082,0.210712914,0.107225,0.049335884,0.085307657,0.136281528,0.19637331,0.218450281,0.685748661
R8eFySk4,-0.116025827,0.365850821,0.28354128,0.073021842,0.130937357,0.181245709,0.170729809,0.100925919,0.656860636
RFibHPt7,-0.016612569,0.248685414,0.133020682,0.0533468,0.100767119,0.154342932,0.20556572,0.281451523,0.795474094
RJVU9j8P,-0.020702351,0.211347793,0.130756277,0.049072918,0.117298925,0.127566923,0.144873669,0.152062996,0.590875432
RZ584xig,0.017992177,0.250105964,0.211157012,0.076642685,0.12300347,0.173403966,0.221395299,0.264449771,0.858895192
RhRnfeBp,-0.059850884,0.234022174,0.16361202,0.039232985,0.088793442,0.118655582,0.157008938,0.180497495,0.584188442
RuSZ5rNP,-0.035627308,0.225909345,0.168103995,0.040036823,0.087411938,0.118930483,0.158042424,0.178774555,0.583196222
Rxka2Dfe,-0.008200163,0.245531354,0.136795656,0.058729333,0.092276936,0.126914532,0.1680356,0.182625093,0.628581494
RyeFHRQj,-0.156223033,0.420255073,0.383907026,0.092487674,0.123936901,0.149260695,0.180670029,0.259957524,0.806312823
SeLh3ENk,0.000979474,0.298384804,0.32132536,0.098620217,0.118530476,0.109266771,0.085990448,0.079464171,0.491872083
Sh2ZCYBZ,-0.054788179,0.279942445,0.272930796,0.095038231,0.143960689,0.190472769,0.213093215,0.177681177,0.820246082
SnYQMMBW,-0.007188336,0.250746059,0.195461442,0.054897788,0.107802364,0.178124768,0.252513613,0.309237076,0.90257561
T3aA8TCd,0.019781299,0.223611289,0.127833372,0.086358214,0.164863677,0.242195649,0.330890827,0.400160056,1.224468422
TQyNNoOf,-0.031060353,0.203615422,0.143270292,0.068860948,0.136970648,0.218490216,0.204399724,0.26438651,0.893108046
U0NC3iwE,-0.029017505,0.208383971,0.154962962,0.070341233,0.143494515,0.205133367,0.306730267,0.34509298,1.070792363
UDXlpEgF,-0.0281514,0.20088764,0.150045316,0.066519733,0.120740846,0.18968684,0.264117626,0.299110768,0.940175812
ULS1fTmQ,-0.002099694,0.225762065,0.114685862,0.048243409,0.087244099,0.136998693,0.189807131,0.247799486,0.710092817
UWhrbKTC,-0.082614852,0.291939781,0.278942808,0.078236489,0.120058349,0.159606892,0.119312322,0.062390293,0.539604345
UZ9Vsj7D,-0.061339049,0.219577679,0.137640952,0.044653286,0.084568131,0.134099198,0.180488376,0.253602759,0.69741175
UpNWCJ9a,-0.02755416,0.206825178,0.139267058,0.058534339,0.106531223,0.145881288,0.17765021,0.155845883,0.644442944
VEBURFuk,-0.179477827,0.184856854,0.119379582,0.05554181,0.099446405,0.159054574,0.220824262,0.280809193,0.815676243
VKW2KzGC,-0.093083239,0.3298898,0.262089991,0.058497093,0.111915579,0.150591515,0.188086407,0.209044627,0.718135222
VN1pIYPc,-0.107677922,0.384119186,0.328838273,0.064956367,0.107578132,0.153198752,0.172635495,0.156160731,0.654529476
VPAqPZQI,0.000379858,0.16963427,0.08138729,0.051660522,0.097031465,0.155690691,0.210748205,0.310154928,0.82528581
VPQJGG4D,-0.096618616,0.276921596,0.163548498,0.054835484,0.092543562,0.142963306,0.180284708,0.207764859,0.678391919
W0BHMtXT,0.002891823,0.216648917,0.158681998,0.064875405,0.104279524,0.15191242,0.207812241,0.252967321,0.781846911
WRgBWkBO,-0.075147673,0.277229307,0.171197094,0.067022801,0.13576242,0.222361996,0.330241687,0.37176519,1.127154093
WiKfwQG1,-0.053739876,0.387473768,0.380951122,0.087525272,0.168679426,0.191602366,0.268263987,0.280301965,0.996373016
WxIscnh0,-0.2700589,0.396972779,0.301436924,0.082628734,0.152614541,0.197157914,0.196556673,0.223143551,0.852101412
X5kmXm2t,-0.024072337,0.271820372,0.214625541,0.05591263,0.103119345,0.139868501,0.172655834,0.188820361,0.660376672
XG46gE0Y,0.013510004,0.360015317,0.263229005,0.064029986,0.12845623,0.204249281,0.282649349,0.339390882,1.018775729
XVvERXzh,-0.046962075,0.288325001,0.193813749,0.054918451,0.105548721,0.140222736,0.18535228,0.195814237,0.681856425
XbdRrkxS,0.014616326,0.277087847,0.213397237,0.061002837,0.111952387,0.176000289,0.224409718,0.291351801,0.864717032
XkrRgefi,-0.104643072,0.279514663,0.249188768,0.094941395,0.178323397,0.246270281,0.16462198,0.18698357,0.871140623
XxnpBqCk,0.005755743,0.225948244,0.13752504,0.063918374,0.125046191,0.21767961,0.309297663,0.416394179,1.132336016
Y2Mijmxk,0.012999481,0.365593289,0.354179763,0.062853523,0.122199827,0.15079947,0.134461481,0.05425059,0.524564891
Ybch0Nl3,-0.02530265,0.329810935,0.271590277,0.055985714,0.109638542,0.159035887,0.236990101,0.298354532,0.860004777
Ycmah3Py,0.001315394,0.343397862,0.270102808,0.094927415,0.205131669,0.298683284,0.374693449,0.340325806,1.313761623
YsYVO0J6,-0.006028548,0.220834091,0.123070867,0.061388059,0.098125512,0.139720415,0.183049094,0.20804303,0.69032611
Ytlu6T69,-0.007436562,0.253400572,0.176765455,0.061998773,0.09336416,0.13112091,0.166847142,0.206463862,0.659794846
ZAn8qhAb,-0.013010518,0.181092479,0.116684213,0.072468017,0.155261537,0.242516718,0.389603204,0.479136113,1.338985588
ZK2JlJsq,-0.038490267,0.214703403,0.153614378,0.042682867,0.075332962,0.117238522,0.172402071,0.22245127,0.630107692
ZR3QAZmu,-0.00825233,0.195857743,0.152681544,0.067358706,0.12414293,0.178993767,0.168083774,0.08104121,0.619620386
ZbuDvcLk,-0.077007338,0.210493579,0.11385008,0.060287836,0.106709712,0.174237438,0.225493729,0.285688054,0.852416769
Zj2jtm25,0.000321178,0.183357171,0.104146003,0.06270439,0.132513389,0.207934133,0.312683375,0.357198367,1.073033654
ZyF5gFL7,-0.006983709,0.259364808,0.178454764,0.056461695,0.118945274,0.136451103,0.142468304,0.113581349,0.567907724
a2SHGIQT,-0.047619879,0.337531684,0.325310762,0.0865424,0.159147869,0.244770345,0.235164038,0.175093854,0.900718506
a59COYtO,-0.044907029,0.173418727,0.116037347,0.055617238,0.119316134,0.194195413,0.259464433,0.33377318,0.962366397
a6j4D1CL,-0.111703792,0.170779835,0.067050303,0.040849933,0.073407735,0.115925556,0.144674578,0.190890948,0.565748749
ahs2loij,-0.080632444,0.213253829,0.145574065,0.045242408,0.084183981,0.124680327,0.168573024,0.195863496,0.618543237
arPGgOEf,-0.008722084,0.257456504,0.180691408,0.053160597,0.092286578,0.142130676,0.183832131,0.215985325,0.687395307
b632WDpF,-0.129896506,0.250280596,0.187636236,0.055926654,0.089731745,0.134179971,0.166496516,0.202769332,0.649104217
bFIh8shd,0.021689019,0.331389086,0.249898289,0.09003641,0.156117679,0.247408173,0.326625046,0.42073258,1.240919888
bR8vqmI1,-0.017541752,0.175372503,0.105017383,0.055826823,0.103256758,0.155296117,0.21861231,0.253636231,0.786628239
bYuhoS4X,-0.026028511,0.224495926,0.219467077,0.087079252,0.126550931,0.194156014,0.171985547,0.16667694,0.746448684
bePyG1Du,-0.018050882,0.182088523,0.109415123,0.049465204,0.100607728,0.152583723,0.192734146,0.210136245,0.705527046
bqTsXpKl,-0.139665107,0.255224279,0.235502102,0.074618428,0.137084299,0.204882592,0.281292274,0.244557646,0.942435239
byzUmGWJ,-0.036512749,0.295660808,0.182176587,0.060302014,0.115840171,0.183526065,0.254396095,0.298492989,0.912557334
cIvtHO4P,-0.041811379,0.17033587,0.076540992,0.055110842,0.103659654,0.172759661,0.225418865,0.290506135,0.847455158
cr0mCZNx,-0.068779446,0.198496776,0.133170975,0.083917291,0.141530985,0.074780015,0.118390016,0.134590154,0.553208461
d4F5xQy9,-0.016492288,0.181473161,0.109532846,0.056185141,0.101553815,0.155030574,0.198378994,0.221207442,0.732355967
dG40RNan,-0.041751348,0.203235156,0.158271601,0.072616793,0.126744508,0.192573485,0.23137405,0.316517622,0.939826459
dHsx22mJ,-0.035547134,0.253820539,0.155803712,0.044768397,0.077501372,0.101410566,0.131126336,0.173049606,0.527856278
dRN9a0uf,-0.062973511,0.222604809,0.146648954,0.070190716,0.119680864,0.159244175,0.177570954,0.107193697,0.633880405
dmWVXiPM,-0.111527676,0.357010902,0.297288709,0.094100014,0.141323855,0.192939913,0.116799268,0.09823844,0.64340149
dpphCSNb,-0.111582834,0.231477959,0.212326638,0.082945342,0.119838535,0.141103999,0.139921191,0.124850203,0.608659269
e13bsM5a,-0.042871441,0.38232364,0.316902354,0.075270446,0.143145842,0.242213114,0.298492989,0.350740208,1.109862599
eOBg4mwH,-0.003763138,0.227918817,0.142542888,0.051136981,0.083478846,0.120320035,0.159957108,0.203732079,0.618625048
ebjrMM53,-0.026166638,0.243102654,0.212256476,0.07119256,0.124052649,0.195454486,0.229238477,0.237081059,0.857019231
egXfYcVu,-0.04279673,0.260991804,0.205886652,0.081951056,0.141078598,0.190863403,0.138150338,0.071204446,0.623247842
ekZNvuex,-0.542703201,0.177582557,0.079939597,0.046241637,0.083089514,0.109720926,0.129892301,0.146076544,0.515020922
erdKOQ7X,-0.158406537,0.267497573,0.208988884,0.046586934,0.103004278,0.136868901,0.168273267,0.18729257,0.642025949
f0Ts7NJh,-0.074990298,0.352275878,0.345158502,0.072435078,0.120120586,0.148061763,0.148845628,0.135545492,0.625008547
f8iKrVUp,-0.0222388,0.117675428,0.059533266,0.02422612,0.04454006,0.052486471,0.066424575,0.081423171,0.269100398
fLfdcR9Z,-0.049296286,0.24177446,0.132252986,0.050054805,0.093523657,0.127574159,0.154035744,0.15415068,0.579339044
fd7pMJua,-0.029737387,0.197868541,0.131565396,0.062657678,0.103465434,0.141556953,0.198450939,0.214736215,0.720867218
fihT2q9c,-0.052434408,0.267860168,0.216142356,0.070960832,0.118776135,0.161250162,0.157780448,0.14499031,0.653757888
fvpJO6dv,0.003531335,0.211225772,0.142540563,0.060300055,0.114327023,0.169957121,0.210706986,0.191641289,0.746932474
g2W4FUSb,-0.020691127,0.565678539,0.446057261,0.084372602,0.135684698,0.196773096,0.255026109,0.285944453,0.957800958
g5sxqMgO,-0.277722353,0.249020251,0.171298094,0.057640135,0.091683082,0.121773098,0.155011932,0.201552919,0.627661166
g84PP6lh,-0.030672236,0.222495385,0.15648493,0.076619691,0.137820278,0.205419843,0.264596052,0.299744945,0.98420081
g9WGBFnV,-0.062082402,0.25084719,0.21388052,0.040970462,0.092933114,0.123373055,0.165892098,0.200793207,0.623961936
gO7Cpt1X,-0.002325202,0.210846085,0.126699603,0.053248486,0.08979707,0.136711046,0.201866153,0.230939173,0.712561928
gQS9V6ab,-0.057749359,0.297042511,0.214422157,0.101545372,0.157409236,0.227193311,0.224285756,0.143100844,0.853534519
gXhE9VUw,-0.003375322,0.16697983,0.101290061,0.072749519,0.128192052,0.193941698,0.244047137,0.193458259,0.832388664
gZry6Nal,-0.071512153,0.227016004,0.188304653,0.085443947,0.168999611,0.218293097,0.182952671,0.09531018,0.750999505
gbNgqUpT,-0.086497027,0.294326501,0.255725236,0.091138072,0.156241637,0.182645758,0.101228278,0.061644163,0.592897909
gkyOGI21,-0.009493329,0.178359934,0.091458433,0.067936794,0.155223411,0.255381128,0.299285256,0.354276861,1.13210345
gudwNnwN,0.016482204,0.273860158,0.165298032,0.075900362,0.149221366,0.218310289,0.292258739,0.427937964,1.163628721
h08bvb14,-0.020303818,0.260177382,0.172748901,0.049018771,0.100090169,0.138933945,0.167820466,0.192016379,0.647879731
hKEWIYx3,-0.002476792,0.28593239,0.200402629,0.067081333,0.127273263,0.198914152,0.282460128,0.314415135,0.990144012
hhg6N9lU,-0.090627682,0.208977727,0.151621202,0.071470694,0.120228886,0.149966573,0.171094494,0.171640547,0.684401195
hsX5kAeZ,-0.073646413,0.263031612,0.239995989,0.080395063,0.14814188,0.20379291,0.21511138,0.231111721,0.878552953
hxJw9Wjr,-0.009888933,0.23233236,0.21167732,0.086942422,0.140941241,0.171674216,0.114326413,0.06177736,0.575661652
i0oCTuhJ,-0.004994074,0.276859182,0.229988248,0.048277366,0.106278336,0.136924598,0.176623536,0.181400322,0.649504157
i9oVbbz6,-0.018978284,0.204186378,0.117005117,0.040510992,0.075872542,0.096460266,0.132291364,0.164961596,0.51009676
iIzgYYRS,-0.013504384,0.125437837,0.079201293,0.012799868,0.024201107,0.036661486,0.050355021,0.063947619,0.187965101
iJsDlll8,-0.514900219,0.52642918,0.418319965,0.130563396,0.193068861,0.268392414,0.339073018,0.408634683,1.339732372
iVGPuONf,-0.100380808,0.359261612,0.362760717,0.117886775,0.090928212,0.074680765,0.087459305,0.11506933,0.486024387
iqQ28Zc4,-0.017097863,0.079903578,0.042155998,0.010933891,0.020966682,0.031807721,0.043987907,0.056862459,0.16455866
j3iTbhie,-0.012834469,0.252287118,0.219751453,0.058621992,0.110095821,0.173209247,0.237473377,0.282446458,0.861846897
jD5WJNcX,-0.069777425,0.182516104,0.073938065,0.037881372,0.07905349,0.091133212,0.115976817,0.14472159,0.46876648
jDDqCwxU,-0.017047109,0.25322088,0.235125183,0.081384089,0.14896468,0.208809092,0.223143551,0.197359434,0.859660847
jS1r3uGd,-0.090557294,0.400697793,0.347640088,0.086900344,0.149704252,0.236102696,0.279470883,0.298492989,1.050671163
jasA5s93,0.027439797,0.220129482,0.127852813,0.055900306,0.089581731,0.132742438,0.160930367,0.230161124,0.669315966
k3YTjMU4,-0.052495854,0.218063787,0.172174327,0.063775433,0.112020213,0.161926259,0.197679212,0.199461067,0.734862183
kEC7G8DP,-0.013013837,0.191629057,0.094047768,0.068581389,0.11249235,0.168037901,0.222556869,0.258914002,0.83058251
kFPZtJof,-0.021018371,0.278884394,0.237774505,0.067560301,0.137594787,0.224073351,0.251671635,0.274198722,0.955098796
kGhQ1FQc,-0.010671907,0.190736951,0.067910123,0.028841127,0.067260061,0.091263102,0.115035424,0.153453573,0.455853287
kGiGTaIW,-0.031873985,0.360812361,0.256830341,0.140840956,0.234951571,0.343333327,0.27837968,0.081345639,1.078851173
kHl7BBo3,0.020334333,0.121558078,0.052685722,0.026423669,0.057590188,0.071852444,0.088277709,0.113153518,0.357297527
kbOfCieZ,-0.108985702,0.187496595,0.104852207,0.063329186,0.120679836,0.196201575,0.255814334,0.28076163,0.91678656
l230IPIW,-0.031305992,0.246320134,0.16941275,0.05314466,0.097603508,0.13332704,0.171850257,0.196466064,0.652391529
l58jyPMn,-0.040390229,0.251031836,0.191644006,0.056359245,0.109380859,0.140736035,0.186940503,0.130452888,0.62386953
lxLc4Sek,0.011611659,0.327639958,0.264791177,0.073632504,0.117494394,0.16605086,0.228258652,0.27407642,0.85951283
m43FWyiY,-0.049975111,0.185340009,0.109520391,0.069923305,0.149531734,0.236182561,0.271568285,0.37049651,1.097702395
mMfeNBCP,-0.044114192,0.186731658,0.096592459,0.044756001,0.082069273,0.132995688,0.195169699,0.24713382,0.702124482
maugZAlg,0.065724142,0.23862316,0.177954989,0.045828752,0.079842177,0.102149139,0.137447482,0.187427617,0.552695167
mgKwPHtm,-0.018039551,0.316389887,0.219601374,0.035900572,0.078263445,0.124223944,0.123997642,0.13638517,0.498770773
mxKQbPdW,-0.191688335,0.194105598,0.131707755,0.054382712,0.098481894,0.141182239,0.191804581,0.197292999,0.683144425
nGyTDr5q,0.000319436,0.322930906,0.269552118,0.047322041,0.109874375,0.125038773,0.143162286,0.140681,0.566078475
nJNrFOAf,-0.053753314,0.205162334,0.120447161,0.050931133,0.093129574,0.145345138,0.169958109,0.216429613,0.675793566
nM7tQcBS,-0.05462894,0.233885901,0.266093932,0.094360477,0.104376131,0.074823792,0.040273899,0.052643733,0.366478033
nkcnBgOa,-0.553824883,0.212718575,0.102172837,0.065760966,0.138931616,0.212386311,0.334749583,0.251314428,1.003142904
nqtTzjoP,0.000505838,0.303912079,0.185346887,0.039680852,0.088905395,0.120631904,0.137107131,0.16285547,0.549180753
nvvWjNuQ,-0.003049169,0.146945726,0.093732775,0.016213027,0.027360398,0.040432783,0.054380142,0.068522526,0.206908875
nwg8qbmZ,-0.008260197,0.206985892,0.169753493,0.082500019,0.127978027,0.172953807,0.120504126,0.09237332,0.596309299
nyRH10Bw,-0.030829325,0.206917453,0.110234173,0.082823409,0.121804874,0.174452392,0.217176125,0.267203541,0.863460341
nyqYkUq8,-0.008653345,0.316178914,0.333762942,0.114165327,0.172739602,0.103378354,0.102654154,0.101096117,0.594033554
o9xCf7YI,-0.010549546,0.297921034,0.250761773,0.069063515,0.121376284,0.185131111,0.250051004,0.335207214,0.960829129
oE7OaXfV,-0.047377245,0.287906459,0.203535942,0.061569024,0.119597266,0.154918434,0.162259829,0.152839204,0.651183756
oSFbRH4g,-0.006630874,0.192484964,0.104133912,0.06420192,0.113168934,0.184405785,0.231311991,0.264773582,0.857862211
obDMup1i,-0.021138594,0.23141555,0.163010612,0.069554092,0.124318889,0.164193252,0.207934133,0.203912189,0.769912554
odbnl461,0.004600979,0.168072181,0.092086438,0.046595115,0.083369084,0.13297912,0.18904862,0.241748739,0.693740678
ogsPBgBT,-0.056989542,0.388760153,0.285533844,0.07286687,0.117685764,0.146344967,0.164820034,0.193632226,0.69534986
oluI9aqT,-0.09847537,0.271728173,0.287682072,0.11939672,0.106820827,0.066181907,0.125880246,0.209720531,0.628000231
osrCJbfp,-0.001146374,0.207043438,0.11363435,0.052548021,0.087018531,0.138295772,0.204652187,0.258022309,0.74053682
pA5ISzHH,-0.042451505,0.209203298,0.179002756,0.083226558,0.149451293,0.20404338,0.098440073,0.022642477,0.557803781
pHIS8pPt,-0.005497345,0.190991103,0.082228992,0.034683605,0.080372795,0.114728266,0.142468304,0.180496098,0.552749068
pmYdj2Zc,-0.027401226,0.261930852,0.228898326,0.069066143,0.133760724,0.123521299,0.098923916,0.052299499,0.477571582
pxr3J4Ow,-0.17991516,0.357432838,0.280075182,0.076337922,0.135503583,0.214499442,0.239170421,0.284279551,0.949790919
q8FyLMSn,-0.038411133,0.288633443,0.291272741,0.100794634,0.137641844,0.144188687,0.088618836,0.08396538,0.555209381
qUI9PiJS,-0.126239345,0.270054513,0.137877026,0.05911481,0.105772475,0.149808511,0.225990818,0.27202339,0.812710003
qhvy63Op,-0.039830451,0.26680589,0.239222819,0.088848332,0.145546976,0.1791769,0.095550017,0.036076056,0.545198281
qiIHjZln,0.105433692,0.165848583,0.073644996,0.033270277,0.056689595,0.08483988,0.119228176,0.153808038,0.447835966
qpxWRSOP,-0.110095684,0.248259737,0.203162762,0.102390707,0.130490872,0.109199292,0.164068116,0.138469674,0.644618661
ry6fCSwK,-0.200344415,0.236823804,0.182168546,0.085032366,0.139242147,0.255182905,0.175564774,0.198450939,0.853473131
sUlatygS,0.003991824,0.218370575,0.126933492,0.06492369,0.126106217,0.189187177,0.265136834,0.351555479,0.996909397
scqtqhQi,-0.198137041,0.194253647,0.13085925,0.072594529,0.154494027,0.237849699,0.314327396,0.36772478,1.146990431
t86vURE5,0.002205151,0.244089342,0.185475537,0.074120481,0.127716595,0.199748271,0.258166586,0.261781344,0.921533277
uBFpj4lx,-0.019617438,0.23451412,0.15562916,0.081580282,0.116919007,0.165850184,0.227578148,0.246450605,0.838378227
uQaqBtOs,-0.042806068,0.251557785,0.183638213,0.065212975,0.123561782,0.202201269,0.269385943,0.343843974,1.004205943
uSnrgTDe,-0.02423466,0.30369743,0.246598902,0.0746427,0.128319719,0.154964813,0.156160731,0.09217046,0.606258422
ucT4dryZ,-0.082264371,0.180373839,0.11360586,0.075169339,0.119677081,0.165100182,0.178286164,0.235456812,0.773689578
ufQZNsiU,-0.02182969,0.236859352,0.202259519,0.083051833,0.158692938,0.224175721,0.259014178,0.14028564,0.86522031
ujkGAy6u,-0.025840077,0.217755799,0.193249329,0.098708457,0.148446923,0.168365345,0.165280091,0.045909701,0.626710518
ut7ckdyI,0.001558125,0.170877645,0.074618703,0.055648269,0.111270522,0.173548676,0.251999008,0.31414276,0.906609236
uwtiYEpw,-0.03592384,0.205743386,0.149280903,0.044515743,0.092500943,0.129467097,0.16907633,0.191055237,0.62661535
vLEhUnMj,-0.108582928,0.188214006,0.119053903,0.075649228,0.150154671,0.265131247,0.405465108,0.412385551,1.308785804
vbBOikks,-0.003622478,0.208665725,0.121792769,0.059716573,0.118827926,0.197846675,0.249093439,0.362513721,0.987998333
vxlC5KaR,-0.005142881,0.163937181,0.076589307,0.05323973,0.112164624,0.182549373,0.240322602,0.299344012,0.887620343
w2Q5bJMv,-0.056419595,0.290536622,0.213995711,0.062268523,0.110023023,0.175480447,0.227783931,0.315007998,0.890563922
w2e3O8Lh,0.002121498,0.192065525,0.093580093,0.050099041,0.092204845,0.137804258,0.173831512,0.211309094,0.66524875
wBZ1RW0f,-0.069377657,0.469083362,0.408132772,0.106821413,0.163824555,0.170098463,0.218866123,0.244960816,0.90457137
wQKnlZmx,-0.16504446,0.256395245,0.198940942,0.066448284,0.115466081,0.167771776,0.240455759,0.289177959,0.879319858
we9IrnZq,0.006142091,0.202669246,0.117911685,0.070887649,0.141373203,0.22425528,0.295881895,0.331997956,1.064395983
woyjGsIt,-0.022406877,0.239877799,0.129608126,0.041440291,0.090767425,0.115614173,0.151522112,0.194510738,0.593854739
x6NSfgSJ,-0.057414159,0.198280641,0.140106038,0.069241866,0.131713467,0.215445604,0.241162057,0.27576298,0.933325975
x77WJ10Q,-0.079896408,0.313062767,0.226987073,0.047227146,0.102540345,0.136556077,0.142739768,0.156914581,0.585977917
xEIsrkiR,-0.05873966,0.314661007,0.232707125,0.056051009,0.097672076,0.152501875,0.221964074,0.268827272,0.797016305
xMJoV8Kz,-0.051516525,0.278488203,0.183856948,0.041854279,0.096117635,0.11254056,0.147635999,0.174191431,0.572339904
xWZi5URn,-0.035040627,0.346476638,0.341972801,0.081877791,0.12479691,0.129451016,0.101266891,0.09045711,0.527849717
xgN0wuHW,-0.089206787,0.350911407,0.397526901,0.108781031,0.138332984,0.076961041,0.04020642,0.040821995,0.40510347
y3ET3wKE,-0.0065041,0.182060903,0.127952059,0.06191751,0.105341229,0.164726899,0.254545449,0.323853773,0.910384859
yKdKYz23,-0.025432026,0.269160933,0.213944265,0.062353092,0.11327456,0.168612122,0.221382471,0.234443107,0.80006535
yMjX098h,-0.048364919,0.228051245,0.147770855,0.07642192,0.141914956,0.220765429,0.287682072,0.339769849,1.066554226
yQpqLCPL,0.004428222,0.228713001,0.129537165,0.065843639,0.125644482,0.211089627,0.262523513,0.318934616,0.984035877
ySEYmd1c,-0.088821523,0.22653163,0.152373127,0.05326164,0.108046643,0.179201429,0.24582026,0.323787077,0.910117049
yXxNEYJT,-0.012811326,0.230242759,0.159688071,0.050142378,0.109213453,0.144258552,0.174707307,0.170835429,0.649157118
yZHRUMz7,-0.030576024,0.320933535,0.211549464,0.058626825,0.112972061,0.19640399,0.277354958,0.334578297,0.979936131
ybGzWMPA,-0.002300135,0.270299079,0.177795291,0.059635626,0.111122532,0.162093106,0.168689408,0.122185684,0.623726356
yzutrWiF,-0.054434147,0.250529665,0.182353603,0.050749142,0.09224501,0.142900733,0.185775792,0.238690275,0.710360951
z8FFpnMp,-0.010404666,0.227884753,0.155079401,0.07175806,0.141195681,0.225719364,0.295321529,0.333855576,1.067850209
zGObVmrM,0.01439311,0.301714386,0.267500011,0.065909742,0.12159429,0.173702769,0.237920563,0.272088814,0.871216178
zIDgWdoU,-0.084796939,0.26332425,0.219571539,0.084635306,0.138325707,0.189201191,0.186775907,0.213964497,0.812902607
zSWVNAon,-0.001738274,0.172648176,0.093928828,0.067796064,0.117700748,0.177548278,0.220356371,0.242513104,0.825914565
zbI7ifl8,-0.22280388,0.221929569,0.149185139,0.046154751,0.101751527,0.132463691,0.167119773,0.180157834,0.627647575
zgGJNHuU,-0.052934572,0.218504821,0.131046999,0.048782291,0.075646625,0.106888078,0.149001006,0.188231534,0.568549534
zkO4XPXQ,0.001579743,0.206787995,0.150527487,0.066705584,0.116931899,0.180074365,0.231695833,0.333542547,0.928950228
ztKJoXiw,0.014829896,0.083129142,0.047273398,0.011353363,0.02285882,0.035208397,0.048410364,0.062073779,0.179904724
zvYmZ0SS,-0.143368138,0.301277817,0.229788094,0.104453369,0.202722421,0.231801614,0.185964548,0.189242,0.914183952
