subjectid,MSE1,MSE2,MSE3,MSE4,MSE5,MSE6,MSE7,MSE8,MSE9,MSE10,MSE11,MSE12,MSE13,MSE14,MSE15,MSE16,MSE17,MSE18,MSE19,MSE20
02MJoCiL,0.065162956,0.121386287,0.194197351,0.245188835,0.303135816,0.320167528,0.280713403,0.247241103,0.209720531,0.253448901,0.071458964,0.202524264,0.117783036,0.122602322,0.177681177,0.14518201,0.211309094,0.167054085,0.348306694,0.207639365
0Srk33xU,0.060900641,0.110982978,0.173510927,0.209917789,0.197217951,0.156842471,0.045722249,0.094187215,0.077558234,0.123613956,0.057158414,0.15415068,0.117783036,0.066691374,0.046520016,0.057158414,0.223143551,0.15415068,0.117783036,0.287682072
0nUjlcd7,0.053121604,0.105063295,0.161441279,0.227506861,0.280409313,0.357525646,0.392854601,0.321320432,0.226313126,0.258861634,0.179048231,0.16907633,0.100083459,0.075507553,0.082238098,0.255933374,0.054067221,0.064538521,0,0.105360516
15IPa5iS,0.036393824,0.075597114,0.108821346,0.144772752,0.1889661,0.227258783,0.264692554,0.189322752,0.209091798,0.151157562,0.091880952,0.080042708,0.046251018,0.087647307,0.059592097,0.09531018,0.054067221,0.037271395,0.157628944,0.064538521
1O18MObh,0.053831015,0.097507287,0.149934583,0.203217125,0.260601114,0.290395778,0.343133377,0.285447435,0.355340721,0.287682072,0.014815086,0.075507553,0.064538521,0.09531018,0.031748698,0.070204259,0.15082289,0.024097552,0.053109825,0.103184236
1ovgasC1,0.093290539,0.147718135,0.186238994,0.155839869,0.147506137,0.080042708,0.049392755,0.067139303,0.061557893,0.056089467,0.051293294,0.071458964,0,0.105360516,0.074107972,0,0,0.223143551,0.223143551,0.510825624
1wXKj1Hr,0.032890753,0.072708818,0.105325142,0.128143401,0.158131145,0.183774517,0.197655921,0.176421835,0.201002425,0.109199292,0.081125545,0.055688906,0.042761859,0.060624622,0.063369614,0.047628049,0.062131781,0.028987537,0.062520357,0.042559614
1y68rPwI,0.045504842,0.09185766,0.153102022,0.219524531,0.28347154,0.316540901,0.36449767,0.330041346,0.194705616,0.16148747,0.177681177,0.182321557,0.218689201,0.178248231,0.387765531,0.259511195,0.287682072,0.127833372,0.212561442,0.25489225
2SV6hYB2,0.063325281,0.105095661,0.175521701,0.235496319,0.263065445,0.310462101,0.252765807,0.245122458,0.140229341,0.054067221,0.016529302,0.023810649,0.040821995,0.028987537,0.05942342,0.080042708,0.022472856,0.0588405,0,0.071458964
2geyDTFU,0.089808487,0.156228711,0.215693186,0.25064647,0.26887274,0.338144944,0.450416496,0.481451015,0.35244064,0.322083499,0.29479954,0.392042088,0.384411699,0.387765531,0.271933715,0.274436846,0.538996501,0.336472237,0.451985124,0.510825624
3E8qiyD2,0.048689545,0.106357869,0.133784807,0.168802464,0.163390182,0.082615766,0.084475236,0.082691716,0.065443908,0.086540456,0.108633841,0.164755233,0.15415068,0.100083459,0.117783036,0.157628944,0.167054085,0.200670695,0.15415068,0.200670695
3nkxadKi,0.082563144,0.141358143,0.191119267,0.185592206,0.189242,0.163453072,0.194900339,0.068992871,0.067139303,0.074107972,0.090971778,0.039220713,0,0.066691374,0.087011377,0.054067221,0.15415068,0,0,0.182321557
3sWbPSJv,0.025324506,0.042412525,0.060742521,0.082538948,0.10310691,0.131080745,0.152642258,0.182419361,0.216367398,0.231037718,0.265086643,0.290726215,0.324776197,0.325605132,0.349813854,0.382270491,0.417735201,0.422272226,0.348818072,0.219859476
47x9mXqX,0.083509003,0.151140009,0.232527667,0.31605277,0.381500828,0.416893804,0.326215736,0.278203328,0.231111721,0.209091798,0.178248231,0.16507975,0.205852054,0.265703166,0.189242,0.15415068,0.2135741,0.262364264,0.559615788,0.200670695
4Lm6PzX2,0.033150846,0.059653292,0.08152459,0.106288947,0.134848449,0.167659992,0.214489432,0.229128764,0.239074373,0.252996514,0.286479426,0.281747337,0.263584521,0.259511195,0.240385358,0.166126871,0.15415068,0.057158414,0.087011377,0.138836445
4OQQyQYB,0.063163247,0.123842248,0.166235419,0.188052232,0.106294659,0.021202208,0.054067221,0,0.018018506,0.014598799,0.060624622,0.200670695,0,0.040821995,0,0.09531018,0.223143551,0,0.510825624,0
4RLH9WCs,0.064220662,0.12463105,0.207991746,0.257829109,0.272866987,0.312031101,0.2390169,0.242946179,0.223143551,0.299242895,0.139761942,0.255933374,0.204794413,0.121360857,0.287682072,0.262364264,0.265703166,0.171850257,0.15415068,0.251314428
4WBQNF9z,0.073776603,0.153727623,0.24149269,0.312826254,0.301475395,0.255346692,0.143787893,0.047067511,0.063715814,0,0.053109825,0.025975486,0.064538521,0.083381609,0,0.071458964,0.435318071,0.044451763,0,0
4b23aG2i,0.057613242,0.110124677,0.137079593,0.1748916,0.179971379,0.150898644,0.098734841,0.126413925,0.109199292,0.089612159,0.145711811,0.143100844,0.071458964,0.157628944,0.087011377,0.257829109,0.196710294,0.310154928,0.251314428,0.693147181
5illwZ0w,0.052447798,0.100291255,0.156814457,0.224995594,0.272866987,0.335333284,0.362354984,0.311646353,0.296265816,0.226527649,0.162518929,0.133531393,0.099372474,0.057158414,0.081678031,0.120627988,0,0.074107972,0.043485112,0.027398974
5msHe2ZM,0.095072791,0.236124263,0.350013804,0.353931458,0.271933715,0.364643114,0.362905494,0.149531734,0.405465108,0.356674944,0.405465108,0.693147181,1.098612289,0.405465108,1.386294361,0.405465108,0,NaN,0.405465108,0.693147181
5y8S8nC6,0.063631696,0.120702746,0.183196393,0.222512437,0.193467783,0.123869482,0.03373814,0.028330507,0.051672011,0.041964199,0.060624622,0.090151097,0.09763847,0.050010421,0.033901552,0.133531393,0.105360516,0.133531393,0.194156014,0.510825624
6HTqE41x,0.053985555,0.08279582,0.130513815,0.16593632,0.219609498,0.241484481,0.272106861,0.298909135,0.221930695,0.144133902,0.159064695,0.141411654,0.078988411,0.048202102,0.034289073,0,0.0588405,0.056089467,0.046520016,0.018692133
6MFubdNK,0.064128126,0.106864466,0.178423716,0.216396056,0.26891197,0.244930905,0.194442917,0.188052232,0.200670695,0.15415068,0.163151641,0.158224005,0.122602322,0.115831816,0.139761942,0.057158414,0.15415068,0.159064695,0.105360516,0.251314428
6PBhAWnI,0.072500381,0.115898021,0.182321557,0.194691604,0.217268587,0.247676738,0.107630664,0.121889818,0.09531018,0.129211731,0.143100844,0.109199292,0.130053128,0.200670695,0.141078598,0.167054085,0.207639365,0.262364264,0.287682072,0.287682072
6U6mieI8,0.081228081,0.14110051,0.199542155,0.234839591,0.158089243,0.099090903,0.076633226,0.00938974,0.051293294,0.061557893,0.170625517,0.067441281,0,0,0,0.037740328,0.182321557,0.133531393,0.405465108,0.287682072
89hcos29,0.092360558,0.181365077,0.220671362,0.178248231,0.124562723,0.069795762,0.107888962,0.127155175,0.093526058,0,0.109199292,0.044451763,0.245122458,0.223143551,0.336472237,0.510825624,0.693147181,1.386294361,0.405465108,NaN
8CHx7D0i,0.054784761,0.094543798,0.146512452,0.20986902,0.255290577,0.300486345,0.21648637,0.232622295,0.190043603,0.150282203,0.079249372,0.065382759,0.080042708,0.077558234,0.041964199,0.051293294,0.05942342,0.061875404,0.156842471,0.052643733
8S2DLkDz,0.084653462,0.15415068,0.253617853,0.261758387,0.175093854,0.098440073,0.036367644,0.104140259,0.117783036,0.121889818,0.122602322,0.111225635,0.074107972,0.138150338,0.348306694,0.194156014,0.36772478,0.405465108,0.693147181,0.693147181
8dLqK0KT,0.08706888,0.166229385,0.281364932,0.266628663,0.263814591,0.127833372,0.097980408,0.115512887,0.043802623,0.054067221,0.064538521,0.025975486,0,0.036367644,0.268263987,0.162518929,0.262364264,0.200670695,0.15415068,NaN
8elUiJYv,0.062563544,0.111285397,0.144066561,0.15866536,0.133008243,0.119120828,0.151549898,0.125163143,0.161641352,0.189242,0.189242,0.15415068,0.262364264,0.196710294,0.251314428,0.207639365,0.287682072,1.098612289,0.84729786,0.470003629
8qkEAiHL,0.088291271,0.143028652,0.192041025,0.143100844,0.03509132,0.068992871,0.049596941,0.027398974,0.068992871,0.032260862,0.032789823,0.03509132,0.046520016,0.057158414,0,0,0.470003629,NaN,0.287682072,NaN
98l8KpqV,0.077707374,0.157367841,0.264455222,0.32661387,0.2095173,0.123613956,0.086177696,0.104140259,0.149035579,0.12095261,0.09531018,0.117783036,0.133531393,0.159064695,0.189242,0.191055237,0.200670695,0.251314428,0.405465108,0.287682072
9Ex5Byum,0.06084945,0.103810018,0.134619942,0.158886964,0.179937765,0.137741925,0.115630182,0.111225635,0.089612159,0.057819571,0.096460266,0.085766822,0.080042708,0.085157808,0.085157808,0.126751706,0,0.117783036,0.087011377,0.133531393
A5ya7RsN,0.072311367,0.104880724,0.156830353,0.189952169,0.184922338,0.202524264,0.147996814,0.096992266,0.123060093,0.068992871,0.048202102,0.067441281,0.117783036,0.072320662,0.09531018,0.070617567,0.083381609,0.318453731,0.15415068,0.336472237
AA9IzAL1,0.079739452,0.146858725,0.240630566,0.31659672,0.335084311,0.32587767,0.180583937,0.073331273,0.15415068,0.094187215,0.089231134,0.042559614,0.121889818,0.060624622,0.087011377,0.246860078,0.559615788,0.060624622,0.233614851,Inf
AVXJQX9B,0.063323069,0.109449579,0.159515299,0.197622402,0.273250371,0.313294648,0.268849124,0.274943047,0.219362828,0.140146632,0.104140259,0.102947969,0.058496207,0.066691374,0.080042708,0.040821995,0.099090903,0.068992871,0.093090423,0
Abnitm4V,0.075508647,0.105301604,0.162125538,0.170860113,0.226184608,0.155240598,0.110143579,0.070769071,0.031748698,0.020202707,0.014815086,0,0.084083117,0.028987537,0.15415068,0.196710294,0.087011377,0.105360516,0.200670695,0.207639365
AnEq8Uph,0.062012296,0.110702593,0.137612214,0.158536652,0.151834524,0.153075989,0.113181095,0.057158414,0.091667189,0.070617567,0.049392755,0.054067221,0.068992871,0.044451763,0.046520016,0.050010421,0.087011377,0.09531018,0.251314428,0.15415068
Aq75NMHO,0.048901713,0.088840708,0.136733772,0.186769516,0.21224096,0.288434801,0.167537761,0.120363682,0.09531018,0.042334364,0.027150989,0.019048195,0.011299555,0.012270093,0.012121361,0.013605652,0.019048195,0.05942342,0.036367644,0.025975486
Ar8WVEB8,0.10163152,0.122135514,0.126842404,0.102745158,0.100925919,0.078471615,0.045985113,0.125163143,0.15082289,0.0588405,0.113328685,0.374693449,0.200670695,0.241162057,0.287682072,Inf,NaN,1.098612289,NaN,Inf
Awp7L46g,0.060792751,0.117478575,0.189287914,0.268574626,0.307572231,0.28634428,0.287682072,0.195744577,0.091434206,0.043017385,0.014815086,0.012578782,0.013793322,0.013793322,0.080042708,0.058268908,0.046520016,0.089612159,0.112477983,0.060624622
B0Su5xdm,0.037923416,0.087428478,0.119704736,0.148713336,0.16931132,0.160850872,0.13623045,0.046060773,0.007633625,0.00464038,0.012500163,0.03333642,0.029558802,0.020000667,0.01342302,0.05942342,0.016529302,0.037740328,0.047628049,0.077961541
BFP7TMfA,0.089726748,0.129731969,0.185293327,0.212597442,0.296932832,0.292478245,0.235828711,0.138836445,0.194156014,0.164303051,0.108213585,0.278713402,0.195744577,0.2135741,0.424883194,0.236388778,0.257829109,0.191055237,0.133531393,0.200670695
BMBD4fpK,0.085730092,0.153813696,0.248766656,0.353931458,0.402092424,0.284251537,0.244196961,0.092781733,0.136575535,0.182321557,0.167054085,0.111225635,0.146603474,0.245122458,0.223143551,0.287682072,0.470003629,0.133531393,NaN,1.386294361
BvPM57u7,0.051839602,0.102010587,0.134202308,0.16170852,0.173609616,0.170273218,0.137312115,0.179427199,0.147635999,0.106222213,0.068319244,0.084083117,0.058496207,0.133531393,0.165514438,0.064538521,0.157628944,0.098440073,0.223143551,0.159064695
C5LRwSjU,0.087534409,0.119627754,0.135324823,0.128668843,0.090514008,0.061875404,0.044451763,0.036813973,0.047252885,0.070617567,0.023530497,0.068992871,0.033901552,0.087011377,0.182321557,0.182321557,0.251314428,0.693147181,0.405465108,0.405465108
C5W4TIo7,0.060567082,0.10795295,0.15765331,0.227481953,0.303865196,0.306619273,0.311154429,0.323787077,0.314030902,0.218879153,0.126751706,0.125163143,0.143100844,0.081345639,0.101096117,0.102654154,0.027398974,0.082238098,0.133531393,0.036367644
CAMRbQ1K,0.084178585,0.166292719,0.262364264,0.338325805,0.45366721,0.405465108,0.072759354,0.088553397,0.058268908,0.093090423,0.023530497,0.031748698,0.113328685,0.162518929,0.356674944,0.182321557,0.182321557,0,1.098612289,NaN
CCBwJuQg,0.056542071,0.111269074,0.166028389,0.233193887,0.30378548,0.35829964,0.372548293,0.370596282,0.340082349,0.223143551,0.15123097,0.129211731,0.093526058,0.097163748,0.093090423,0.15082289,0.15123097,0.072320662,0.130620182,0.137201122
CWf3eyvo,0.047230563,0.094253262,0.137109214,0.172855451,0.196351034,0.199814714,0.16759375,0.096370813,0.083934451,0.091248671,0.105360516,0.121696935,0.119188517,0.168335315,0.200670695,0.172842813,0.138150338,0.157628944,0.121360857,0.182321557
Cr8FATng,0.086767392,0.14964504,0.247475652,0.253880177,0.228633044,0.119959315,0.149531734,0.130620182,0.173271721,0.133531393,0.164303051,0.205852054,0.200670695,0.241162057,0.251314428,0.382992252,0.470003629,0.510825624,0.405465108,1.098612289
CvpdKx9g,0.070531153,0.145353943,0.219823128,0.273932517,0.352282843,0.416701181,0.383486201,0.24946086,0.157185584,0.096849826,0.070204259,0.096849826,0.067441281,0.177681177,0.143100844,0.09237332,0.133531393,0.15415068,0.336472237,0.405465108
Cw8bz9tw,0.068640623,0.137417707,0.188354758,0.254450456,0.3254224,0.442453677,0.36772478,0.33950714,0.124052649,0.117783036,0.085522173,0.088947486,0.146603474,0.159064695,0.15415068,0.033901552,0.071458964,0.09531018,0.268263987,0.207639365
DHAxflfI,0.064706283,0.130048102,0.180151028,0.259825118,0.324461324,0.377708224,0.414597592,0.381934611,0.360002734,0.292987125,0.196710294,0.200670695,0.200670695,0.136575535,0.156842471,0.216223108,0.223143551,0.176930708,0.188052232,0.300104592
DVmTCuSO,0.054724397,0.098621229,0.145605541,0.207525411,0.273113657,0.284251537,0.277319285,0.268263987,0.223143551,0.159848701,0.311779624,0.182321557,0.262364264,0.310154928,0.205852054,0.322773392,0.246860078,0.129211731,0.15415068,0.36772478
DckqPvXh,0.075522327,0.112577402,0.163483715,0.198309419,0.195744577,0.144481583,0.091807549,0.086177696,0.035932009,0.061557893,0.068992871,0.024692613,0.060624622,0.052643733,0,0,0.241162057,0.133531393,0.182321557,0.287682072
Di0gPE0H,0.069443342,0.1077714,0.16565646,0.228427579,0.212626906,0.251991706,0.203598955,0.199001246,0.192371893,0.196114879,0.188052232,0.196710294,0.196710294,0.352821375,0.177681177,0.318453731,0.141078598,0.265703166,0.302280872,0.405465108
Dkjr9F7k,0.070819963,0.129007453,0.20449423,0.233310669,0.197825743,0.120627988,0.060624622,0.041964199,0.074107972,0.036367644,0.028987537,0.077961541,0.054067221,0,0.068992871,0.336472237,0.09531018,0,Inf,0.693147181
EHotqA24,0.079404294,0.171335138,0.189647597,0.149531734,0.135036284,0.169899037,0.266628663,0.239229689,0.218689201,0.274436846,0.217723484,0.322773392,0.451985124,1.098612289,0.693147181,0.510825624,0.510825624,0.510825624,0.510825624,0.916290732
EL0qvt0M,0.061585373,0.128072007,0.192638524,0.291298713,0.417299566,0.415515444,0.345950981,0.226313126,0.182321557,0.138836445,0.068992871,0.124052649,0.159630146,0.127833372,0.150282203,0.162518929,0.028987537,0.102654154,0.15415068,0.191055237
EQSaAnPk,0.057761323,0.118372311,0.16056507,0.16882087,0.128342796,0.05487661,0.040546094,0.063851472,0.065957968,0.105360516,0.09531018,0.101782694,0.15415068,0.182321557,0.207639365,0.167054085,0.693147181,0.405465108,0.262364264,Inf
ESzlIzyO,0.076049766,0.165116225,0.276954,0.286513165,0.175632569,0.225806669,0.277631737,0.185142433,0.223143551,0.342944751,0.318453731,0.361013346,0.27029033,0.273293335,0.405465108,0.287682072,0.356674944,0.510825624,0.451985124,0.485507816
EuMyzKCY,0.086407899,0.164465958,0.218049769,0.261174496,0.278505481,0.377294231,0.242012036,0.236010062,0.21511138,0.237958637,0.257045103,0.266628663,0.234839591,0.430782916,0.351397887,0.606135804,0.559615788,0.441832752,0.510825624,0.405465108
F6PuVthQ,0.062087457,0.126766467,0.20154528,0.277338202,0.305619773,0.282566972,0.260726262,0.228258652,0.060624622,0.098440073,0.144249609,0.117783036,0.105360516,0.192371893,0.176930708,0.138150338,0.182321557,0.435318071,0.200670695,0.162518929
FDrWmipp,0.068001353,0.114544222,0.165514438,0.185281598,0.13630532,0.091708426,0.036904557,0.019608471,0.021506205,0,0,0,0.093090423,0.054067221,0,0.087011377,0.037740328,0.125163143,0.143100844,0.241162057
FDzVFOBn,0.094507128,0.144986272,0.17030107,0.197435195,0.223143551,0.18610228,0.163151641,0.29479954,0.211309094,0.195744577,0.15415068,0.2135741,0.374693449,0.241162057,0.223143551,0.223143551,Inf,1.098612289,Inf,0.405465108
FWDyTLr2,0.034568375,0.074953429,0.105153562,0.138378285,0.171781991,0.200389204,0.223143551,0.243381814,0.240141128,0.145280285,0.070131824,0.059963465,0.051587369,0.070204259,0.090151097,0.098440073,0.089948237,0.078780878,0.071458964,0.111225635
FsNM5n5s,0.071548476,0.145763961,0.231195406,0.257186436,0.274436846,0.169292057,0.112795494,0.075035186,0.054067221,0.123613956,0.113328685,0.141078598,0.133531393,0.245122458,0.146603474,0.125163143,0.251314428,0.105360516,0.223143551,0.693147181
G0vvcncN,0.068049937,0.150099358,0.228365495,0.238579359,0.266523847,0.230806424,0.192371893,0.113758885,0.09531018,0.072759354,0.057158414,0.058268908,0.043485112,0.044451763,0,0.037740328,0.241162057,0.167054085,0.167054085,0
GESYi2xq,0.033250388,0.073077851,0.106157178,0.142076531,0.157680511,0.188052232,0.196037483,0.198619939,0.131336002,0.113142656,0.063657852,0.029675768,0.033901552,0.060103924,0.047402239,0.026668247,0.052922401,0.063513406,0.037041272,0.085157808
GITsdVy7,0.062762041,0.132734694,0.225919743,0.303682414,0.37217913,0.36129389,0.227389842,0.274436846,0.191055237,0.101782694,0.188052232,0.090971778,0.133531393,0.133531393,0.176930708,0.169899037,0.430782916,0.251314428,0.171850257,0.559615788
GLKexPjc,0.044656391,0.09398968,0.12907558,0.147483988,0.175129785,0.204180351,0.110000895,0.05942342,0.052490183,0.072495502,0.031748698,0.020408872,0,0.014184635,0.028170877,0,0.020619287,0,0.068992871,0
GWB9Uvrb,0.038127454,0.083901927,0.117191994,0.160773221,0.181242725,0.192593107,0.193722332,0.170906594,0.163826974,0.066139803,0.085037043,0.078643127,0.043675064,0.084260344,0.080688911,0.068053463,0.084557388,0.198850859,0.144581229,0.09763847
GboPBbli,0.06777337,0.119693256,0.155742614,0.180488376,0.141186444,0.192903666,0.040166042,0.065382759,0.043802623,0.074107972,0.057158414,0.200670695,0.032789823,0,0,0,0.223143551,0.105360516,0.117783036,0
GjPHiGli,0.045558171,0.095287876,0.119775352,0.162966925,0.194488296,0.191858414,0.22163866,0.155128675,0.1834395,0.168464522,0.11020314,0.065382759,0.078252197,0.091567194,0.068992871,0.09237332,0.156842471,0.099090903,0.150282203,0.085157808
GwvQ3hpI,0.050978247,0.096744071,0.14027474,0.191020702,0.248739099,0.295912572,0.331576266,0.392854601,0.462160452,0.457424847,0.432133355,0.360002734,0.500775288,0.364643114,0.287682072,0.217064505,0.277631737,0.231801614,0.3254224,0.15415068
H1SDVD0X,0.049931161,0.090342993,0.145121992,0.191574762,0.240294566,0.189620859,0.258932659,0.22054277,0.182321557,0.170451981,0.206794413,0.182321557,0.227389842,0.206336433,0.174353387,0.241162057,0.191055237,0.15415068,0.233614851,0.148420005
HA57ijek,0.05633295,0.108703356,0.168068619,0.234514489,0.310154928,0.293835938,0.26918749,0.238674493,0.174716957,0.145507584,0.170957798,0.081125545,0.080042708,0.101782694,0.135801541,0.117783036,0.11506933,0.176930708,0.105360516,0.21511138
HAKCEJWo,0.027033031,0.059229492,0.08466777,0.114900359,0.151363284,0.183573905,0.210146063,0.237344173,0.258201009,0.255933374,0.28457165,0.161268148,0.194156014,0.08834917,0.050219757,0.046883586,0.047754431,0.057158414,0.033901552,0.046520016
HWfZASLi,0.052223716,0.084151266,0.125649616,0.184225866,0.245373022,0.259844918,0.269594954,0.304489191,0.249811798,0.163039627,0.126999691,0.09237332,0.049392755,0.062131781,0.048202102,0.068053463,0.040005335,0.033901552,0.064538521,0.120627988
HpYl7dTS,0.06154862,0.104629912,0.165334616,0.247669777,0.28563079,0.227318923,0.255246797,0.211309094,0.157003749,0.184734103,0.169899037,0.15123097,0.115831816,0.10724553,0.15082289,0.198450939,0.075985907,0.129211731,0.188052232,0.230523659
IpAvcDzr,0.084474931,0.166247226,0.213500275,0.240808387,0.173663494,0.123613956,0.147635999,0.120627988,0.05942342,0.075985907,0.074107972,0.039220713,0.117783036,0.223143551,0.15415068,0.336472237,0.182321557,NaN,1.386294361,Inf
J8qdjHy8,0.049322929,0.101908302,0.14432685,0.179850777,0.209857715,0.152340725,0.132311136,0.18099793,0.070204259,0.088947486,0.10146946,0.133531393,0.202236866,0.279584862,0.164303051,0.182321557,0,0.139761942,0.379489622,0.143100844
JFoDIM9T,0.076727275,0.129168207,0.18050832,0.184596871,0.152016207,0.148845628,0.1198012,0.074107972,0.078780878,0.093818755,0.075507553,0.043485112,0,0.105360516,0.087011377,0.060624622,0,0.15415068,0.15415068,0.693147181
JKDP8D2e,0.119429275,0.197704214,0.286663224,0.364930925,0.427444015,0.541130973,0.267062785,0.198450939,0.133531393,0.167054085,0.088947486,0.09531018,0.167054085,0.09531018,0.262364264,0.287682072,0.182321557,0.182321557,0.182321557,0.287682072
JNh9mTC7,0.05010747,0.090465717,0.127208583,0.161818894,0.182321557,0.287682072,0.233448835,0.169899037,0.163039627,0.110143579,0.077777701,0.067658648,0.071825735,0.064538521,0.096460266,0.126293725,0.090971778,0.11506933,0.064538521,0.115512887
JOmsdP6A,0.051015932,0.106738013,0.144634667,0.189453528,0.234671056,0.216148634,0.151106537,0.104879631,0.074107972,0.088728116,0.061243625,0.055262679,0.082238098,0.087011377,0.141078598,0.098440073,0.068992871,0.071458964,0.30538165,0.15415068
JUvMRml6,0.061789164,0.111142184,0.161368843,0.193835399,0.206576477,0.198069914,0.138998875,0.147635999,0.218253566,0.188794071,0.238411023,0.287682072,0.24613307,0.233614851,0.197825743,0.204794413,0.262364264,0.310154928,0.223143551,0.916290732
Jbr8myiV,0.022361264,0.048880702,0.072563683,0.090554106,0.112071224,0.13720981,0.159877252,0.185717146,0.202524264,0.226546844,0.228673519,0.249520706,0.262942466,0.259388564,0.171653115,0.189042657,0.121077932,0.115630182,0.155414104,0.101782694
Je470A3u,0.065054245,0.12360697,0.190978349,0.255859891,0.298044859,0.328173434,0.191538212,0.180126166,0.096460266,0.039740329,0.026668247,0.030771659,0.032789823,0.067441281,0.03509132,0.025317808,0,0.03509132,0.042559614,0.207639365
JoT31ute,0.032440672,0.070874684,0.105062957,0.129411074,0.17651771,0.186307791,0.202173325,0.202109397,0.140876149,0.119021426,0.084993213,0.066061751,0.07365291,0.049056157,0.06500483,0.043172172,0.045985113,0.075035186,0.068992871,0.093526058
Jz7HcSm7,0.081544092,0.139498048,0.202558914,0.197359434,0.12899212,0.122602322,0.131336002,0.260283098,0.189242,0.15415068,0.302280872,0.348306694,0.287682072,0.405465108,0.538996501,0.693147181,NaN,Inf,Inf,Inf
K7pXSGJ9,0.054678963,0.097217675,0.131513228,0.175342708,0.222088513,0.228201163,0.321446252,0.297142881,0.256804834,0.227057451,0.230261019,0.145711811,0.127833372,0.100804699,0.130361818,0.051293294,0.105360516,0.115831816,0.100083459,0.262364264
KHDHZ4c5,0.014460132,0.028530129,0.044278824,0.062063585,0.080427921,0.095101098,0.101355562,0.108176028,0.118041761,0.130845735,0.14792013,0.16823542,0.160436056,0.180987334,0.182636567,0.179553115,0.167257027,0.179427199,0.160459849,0.170479723
KNaNAjLP,0.059271002,0.110075917,0.175518809,0.25187262,0.292432675,0.35364004,0.291611351,0.356674944,0.229185866,0.145953913,0.179048231,0.09237332,0.101096117,0.09531018,0.081678031,0.129211731,0.122602322,0.042559614,0.044451763,0.117783036
Kc2t70BJ,0.07533999,0.141402006,0.22517342,0.276489532,0.339403357,0.299084705,0.261215499,0.246860078,0.133531393,0.175204089,0.197825743,0.223143551,0.173271721,0.191055237,0.125163143,0.167054085,0.236388778,0.236388778,0.241162057,0.223143551
KmpRQuJD,0.059122866,0.098309189,0.150780062,0.173523167,0.21217452,0.206083429,0.129677823,0.149035579,0.127833372,0.138836445,0.128381167,0.105360516,0.168622712,0.262364264,0.174353387,0.14518201,0.174353387,0.139761942,0.236388778,0.191055237
KyINSk8e,0.051947662,0.096968162,0.154943136,0.237723955,0.297754415,0.322168249,0.389071298,0.371563556,0.304660409,0.253448901,0.194156014,0.182321557,0.170957798,0.253780521,0.219362828,0.25489225,0.315081047,0.175890666,0.175890666,0.374693449
L2GIBJN1,0.069086369,0.137494622,0.207484394,0.281251182,0.285881892,0.27501222,0.266628663,0.27388875,0.16507975,0.131336002,0.141650517,0.120627988,0.114410351,0.149531734,0.105360516,0.606135804,0.111225635,0.167054085,0,0.336472237
LAervIgm,0.071640064,0.132123537,0.20620155,0.249034965,0.326344059,0.284320725,0.199865866,0.139112802,0.078988411,0.082238098,0.040821995,0.029852963,0,0.09763847,0.066691374,0.03509132,0,0.057158414,0.223143551,0.287682072
M0sPVbHP,0.007805497,0.015274804,0.023111265,0.031758727,0.041395883,0.049894021,0.062155156,0.072117533,0.082814225,0.094355019,0.100621928,0.106242739,0.111603613,0.116852426,0.124595678,0.120111859,0.128190451,0.135129524,0.146285189,0.153766064
MKMvRw1P,0.081795645,0.116983355,0.162147705,0.209992123,0.221121306,0.227932068,0.15415068,0.121360857,0.159064695,0.27029033,0.146603474,0.125163143,0.167054085,0.141078598,0.209720531,0.200670695,0.287682072,0.251314428,0.302280872,0.374693449
MSYVAPeM,0.077765986,0.131424452,0.168163347,0.282815883,0.190043603,0.163629424,0.237000586,0.073025135,0.040273899,0.026317308,0.019802627,0.03333642,0.052643733,0,0.054067221,0.083381609,0.042559614,0.064538521,0.117783036,0
MVWT4FfX,0.053530393,0.096872566,0.142403823,0.197546764,0.246860078,0.251314428,0.277210773,0.198670695,0.160036512,0.106863146,0.112940411,0.075035186,0.068992871,0.133531393,0.164303051,0.167054085,0.083381609,0.085157808,0.14518201,0.117783036
MVZpHgro,0.061703788,0.105968451,0.171850257,0.237000586,0.313657559,0.374048912,0.420106658,0.381367557,0.496436886,0.121360857,0.09531018,0.099090903,0,0.039220713,0.018692133,0.207639365,0.051293294,0.050010421,0.052643733,0
MeABXs62,0.062177798,0.128784461,0.153164973,0.15449157,0.099485551,0.061644163,0.038915416,0.091434206,0.052922401,0.068992871,0.087011377,0.098440073,0.148420005,0.133531393,0.125163143,0.207639365,0.241162057,0.287682072,0.559615788,0.223143551
MfzjZe52,0.034412368,0.076813685,0.09938471,0.129682597,0.171514492,0.212971509,0.201266643,0.217776376,0.209394851,0.12658692,0.059088916,0.065846566,0.058268908,0.027398974,0.030153038,0.020408872,0.050010421,0.014598799,0.027028672,0.013986242
N6l5Ci6H,0.060605213,0.09058523,0.129211731,0.171080626,0.202613387,0.227606421,0.287682072,0.233864321,0.238891908,0.178691789,0.126751706,0.080042708,0.110541874,0.113328685,0.112795494,0.102278849,0.202524264,0.192903666,0.204794413,0.205852054
NCK9pYwX,0.060005931,0.120900302,0.202182763,0.262851001,0.311351817,0.299572819,0.287682072,0.209254439,0.17848278,0.159848701,0.135341348,0.156842471,0.194156014,0.198450939,0.234839591,0.173271721,0.158224005,0.159064695,0.174353387,0.328504067
Ni69ryle,0.06795391,0.13945885,0.215421505,0.230709792,0.214656937,0.125163143,0.092115289,0.034486176,0.012270093,0.040273899,0.015267472,0.026668247,0.047628049,0.071458964,0,0.09531018,0.083381609,0.143100844,0.074107972,0.074107972
O21FTG3F,0.041225327,0.091074659,0.116367607,0.13294206,0.139248961,0.129953571,0.132686441,0.077291674,0.066489741,0.050966444,0.014184635,0.047067511,0.027398974,0.063513406,0.061557893,0.042559614,0.126751706,0.068992871,0.068992871,0.182321557
O2Kvv0GJ,0.053893273,0.096878741,0.148080216,0.182945582,0.209857715,0.225650866,0.216309104,0.258354457,0.164677093,0.137717251,0.139761942,0.110751364,0.094187215,0.081678031,0.140357358,0.114410351,0.140581951,0.138836445,0.238411023,0.126751706
OioJ5LuN,0.082299762,0.137154585,0.21566222,0.256719847,0.183252222,0.140772554,0.108213585,0.093818755,0.066249386,0.120144312,0.058268908,0.137201122,0.109199292,0.139761942,0.100083459,0.125163143,0.223143551,0.251314428,0.182321557,0.405465108
Or1k3cMJ,0.069734876,0.128008029,0.1270204,0.098225027,0.091318159,0.064538521,0.081830018,0.098845835,0.067822596,0.098440073,0.105360516,0.117783036,0.133531393,0.251314428,0.336472237,0.693147181,0.693147181,0.470003629,NaN,NaN
OuYG4U64,0.057740583,0.109072536,0.159421024,0.197721928,0.169684973,0.125337678,0.064021859,0.074502527,0.078643127,0.11170399,0.103378354,0.112477983,0.210295409,0.186585956,0.108213585,0.164303051,0.223143551,0.087011377,0.207639365,0.405465108
P2CZntyu,0.048934862,0.089829397,0.128607112,0.152843704,0.196191405,0.236191267,0.251314428,0.212371454,0.200126181,0.107752861,0.152907672,0.112117298,0.038221213,0.042111485,0.043172172,0.138150338,0.066691374,0.09763847,0.139761942,0.200670695
P5wlKd0H,0.06539144,0.144512175,0.229862502,0.29600212,0.36639764,0.312872321,0.358212223,0.139761942,0.127833372,0.085766822,0.066691374,0.139761942,0.158224005,0.120627988,0.100083459,0.076961041,0.09237332,0.139761942,0.125163143,0.167054085
PA4bXBlr,0.062933795,0.120327065,0.141029085,0.137358416,0.0908384,0.056887374,0.036943515,0.050261835,0.077386664,0.062520357,0.057158414,0.067441281,0,0.064538521,0.117783036,0.074107972,0.15415068,0.143100844,0.15415068,0.405465108
PHr2f4TQ,0.056069553,0.103362673,0.155661254,0.199852833,0.291883759,0.264925085,0.217064505,0.259511195,0.078471615,0.125769387,0.063948725,0.027651531,0.047252885,0.0719735,0.071458964,0.016000341,0.061875404,0.112477983,0.112477983,0.111225635
PJ2s4y3i,0.040110674,0.087270638,0.119184971,0.162298641,0.166772962,0.169369235,0.15415068,0.098082184,0.063262197,0.049226941,0.068519946,0.088410957,0.061693569,0.057158414,0.035932009,0.060624622,0.077961541,0.021506205,0.047628049,0.101782694
PKYf165r,0.080037299,0.129857987,0.161398139,0.173931134,0.231203468,0.176557852,0.170817732,0.16034265,0.15082289,0.126293725,0.103184236,0.133531393,0.143100844,0.302280872,0.146603474,0.182321557,0.182321557,1.386294361,0.470003629,Inf
POQZgYEM,0.060728701,0.110804187,0.165718079,0.193979881,0.23944826,0.123794217,0.062974799,0.062035391,0.047856021,0.127339422,0.057158414,0.047252885,0.031252544,0.062520357,0.082238098,0.064538521,0,0.117783036,0.057158414,0.044451763
PcUj1dc8,0.082704004,0.182222699,0.275486799,0.279908574,0.195424782,0.195744577,0.152016207,0.159630146,0.052185753,0.164303051,0.09531018,0.066691374,0.113328685,0.133531393,0.080042708,0,0.405465108,0.693147181,Inf,0.693147181
PftjeXxz,0.074040524,0.120937917,0.137914161,0.186169423,0.225806669,0.257114909,0.30271995,0.182321557,0.188052232,0.056352937,0.047252885,0.083381609,0.032789823,0,0.028987537,0.09237332,0.046520016,0,0.125163143,0.117783036
PhCyuRvo,0.042254894,0.085358672,0.106843938,0.145515137,0.17944003,0.180425822,0.15189487,0.129432093,0.134249526,0.102478669,0.09265883,0.114113307,0.130053128,0.096849826,0.117783036,0.191055237,0.203598955,0.21511138,0.16034265,0.211309094
Q0xDqlUa,0.083346192,0.169412375,0.255038224,0.370859579,0.43036266,0.389960922,0.313657559,0.223143551,0.356674944,0.15415068,0.251314428,0.194156014,0.207639365,0.233614851,0.693147181,0.223143551,0.105360516,Inf,Inf,0.510825624
QJ2012XI,0.083295952,0.119999386,0.112706125,0.083487144,0.097422113,0.13146314,0.139761942,0.129677823,0.148420005,0.16507975,0.197825743,0.274436846,0.302280872,0.207639365,1.098612289,Inf,0.510825624,0.693147181,Inf,0.916290732
QLZHPS8I,0.08031889,0.187857555,0.29552525,0.338975367,0.304211374,0.254234138,0.163151641,0.162518929,0.3074847,0.174353387,0.167054085,0.236388778,0.223143551,0.15415068,Inf,0.693147181,0.318453731,0.287682072,0.287682072,0
QNEd2eGX,0.03262346,0.072323799,0.105432598,0.129255744,0.163934931,0.197130869,0.211874865,0.207332945,0.192371893,0.137399869,0.092249734,0.083999974,0.085861291,0.142563065,0.070951736,0.096849826,0.130620182,0.137201122,0.157185584,0.117783036
Qk66Dk9d,0.049335884,0.085307657,0.136281528,0.19637331,0.218450281,0.126151285,0.107710693,0.105868001,0.103435587,0.13119221,0.169899037,0.179971379,0.120627988,0.266628663,0.162518929,0.127833372,0.185717146,0.128617378,0.138836445,0.111225635
R8eFySk4,0.073021842,0.130937357,0.181245709,0.170729809,0.100925919,0.074107972,0.045256592,0.048790164,0.103989714,0.046520016,0.121360857,0.062520357,0.090971778,0.207639365,0.133531393,0.470003629,0.336472237,0.336472237,0.405465108,NaN
RFibHPt7,0.0533468,0.100767119,0.154342932,0.20556572,0.281451523,0.320579776,0.3735899,0.411507423,0.314710745,0.203228242,0.249654677,0.100083459,0.179048231,0.090151097,0.127155175,0.144249609,0.161268148,0.107630664,0.041672696,0.15415068
RJVU9j8P,0.049072918,0.117298925,0.127566923,0.144873669,0.152062996,0.085445206,0.043172172,0.030536724,0.029852963,0.09531018,0.048790164,0.087011377,0.089612159,0.113328685,0.054067221,0.15415068,0,0.287682072,0.074107972,0.182321557
RZ584xig,0.076642685,0.12300347,0.173403966,0.221395299,0.264449771,0.311384185,0.330774216,0.36772478,0.53680111,0.472906389,0.268263987,0.293761119,0.178691789,0.251314428,0.352821375,0.217723484,0.133531393,0.231801614,0.268263987,0.162518929
RhRnfeBp,0.039232985,0.088793442,0.118655582,0.157008938,0.180497495,0.186261894,0.166496516,0.100643526,0.068992871,0.03509132,0.070067563,0.080688911,0.054658413,0.074801213,0.048009219,0.085522173,0.101096117,0.038466281,0.075985907,0.105360516
RuSZ5rNP,0.040036823,0.087411938,0.118930483,0.158042424,0.178774555,0.200006905,0.138971116,0.093434007,0.047502334,0.030962226,0.032789823,0.017241806,0.038714512,0.045809536,0.033901552,0.080042708,0.021506205,0,0.037740328,0
Rxka2Dfe,0.058729333,0.092276936,0.126914532,0.1680356,0.182625093,0.172842813,0.118716307,0.08907963,0.106222213,0.068402727,0.043485112,0.027398974,0.057158414,0.085766822,0.127833372,0.068992871,0.111225635,0.133531393,0.036367644,0.204794413
RyeFHRQj,0.092487674,0.123936901,0.149260695,0.180670029,0.259957524,0.268263987,0.292387963,0.310154928,0.47957308,0.287682072,0.310154928,0.236388778,0.287682072,0.287682072,0.262364264,0.271933715,0.84729786,1.252762968,Inf,Inf
SeLh3ENk,0.098620217,0.118530476,0.109266771,0.085990448,0.079464171,0.033616611,0.026668247,0.050430854,0.072320662,0.075985907,0.117783036,0.318453731,0.09531018,0,0.405465108,0.405465108,0.693147181,NaN,NaN,0
Sh2ZCYBZ,0.095038231,0.143960689,0.190472769,0.213093215,0.177681177,0.107888962,0.098440073,0.103184236,0.158224005,0.143100844,0.127833372,0.090971778,0.207639365,0.559615788,Inf,0.693147181,0.693147181,NaN,NaN,NaN
SnYQMMBW,0.054897788,0.107802364,0.178124768,0.252513613,0.309237076,0.347143498,0.444251133,0.324239668,0.211309094,0.197359434,0.179340929,0.128617378,0.162518929,0.139761942,0.136575535,0.217723484,0.16034265,0.117783036,0,0.146603474
T3aA8TCd,0.086358214,0.164863677,0.242195649,0.330890827,0.400160056,0.492476485,0.510825624,0.176930708,0.162518929,0.173271721,0.098440073,0.073025135,0.133531393,0.112477983,0.121360857,0.076961041,0,0.09237332,0.143100844,0.182321557
TQyNNoOf,0.068860948,0.136970648,0.218490216,0.204399724,0.26438651,0.234316852,0.174353387,0.149812278,0.102478669,0.120363682,0.139761942,0.121360857,0.161268148,0.186585956,0.216223108,0.231801614,0.196710294,0.200670695,0.374693449,0.223143551
U0NC3iwE,0.070341233,0.143494515,0.205133367,0.306730267,0.34509298,0.442736503,0.387115969,0.182321557,0.162518929,0.187211542,0.207639365,0.191055237,0.117783036,0.175890666,0.223143551,0.379489622,0.245122458,0.223143551,0.223143551,0.405465108
UDXlpEgF,0.066519733,0.120740846,0.18968684,0.264117626,0.299110768,0.267160437,0.227057451,0.171850257,0.111225635,0.038714512,0.041385216,0.020202707,0.031748698,0.068992871,0.088947486,0.046520016,0.068992871,0,0.105360516,0.054067221
ULS1fTmQ,0.048243409,0.087244099,0.136998693,0.189807131,0.247799486,0.295876256,0.329237743,0.299706265,0.304368991,0.207639365,0.240141128,0.125163143,0.087011377,0.068992871,0.055569851,0.011049836,0.080042708,0.044451763,0.061557893,0.075985907
UWhrbKTC,0.078236489,0.120058349,0.159606892,0.119312322,0.062390293,0.068992871,0.094558583,0.09531018,0.074107972,0.108213585,0.121360857,0,0.068992871,0.405465108,1.386294361,0.693147181,0.405465108,NaN,NaN,Inf
UZ9Vsj7D,0.044653286,0.084568131,0.134099198,0.180488376,0.253602759,0.246545167,0.265281136,0.430311107,0.169500868,0.0588405,0.048452383,0.073025135,0.054067221,0.042559614,0.048790164,0.108213585,0.068992871,0.064538521,0.060624622,0.117783036
UpNWCJ9a,0.058534339,0.106531223,0.145881288,0.17765021,0.155845883,0.139262067,0.098117856,0.09531018,0.098734841,0.074901308,0.114410351,0.10697212,0.149531734,0.125163143,0.108213585,0.16034265,0.122602322,0.162518929,0.15415068,0.310154928
VEBURFuk,0.05554181,0.099446405,0.159054574,0.220824262,0.280809193,0.355725126,0.381934611,0.388223302,0.460215623,0.537142932,0.278020162,0.26510775,0.256719847,0.256719847,0.331357136,0.200670695,0.16507975,0.374693449,0.342944751,0.300104592
VKW2KzGC,0.058497093,0.111915579,0.150591515,0.188086407,0.209044627,0.169463402,0.097543154,0.103435587,0.100083459,0.099090903,0.110541874,0.116072171,0.088553397,0.130053128,0.169899037,0.023530497,0.15415068,0.051293294,0.194156014,0.405465108
VN1pIYPc,0.064956367,0.107578132,0.153198752,0.172635495,0.156160731,0.129677823,0.110348057,0.126040721,0.060624622,0.147635999,0.15415068,0.087011377,0.191055237,0.223143551,0.068992871,0.84729786,0.693147181,0.287682072,0.287682072,NaN
VPAqPZQI,0.051660522,0.097031465,0.155690691,0.210748205,0.310154928,0.31621838,0.285417066,0.32322701,0.269476108,0.204794413,0.15415068,0.054808236,0.053345981,0.026668247,0.063513406,0.032789823,0.081345639,0.039220713,0.088553397,0.045462374
VPQJGG4D,0.054835484,0.092543562,0.142963306,0.180284708,0.207764859,0.25489225,0.260834822,0.197464537,0.175564774,0.150572858,0.092781733,0.041385216,0.122102697,0.089612159,0.034486176,0.062520357,0.125163143,0.102654154,0.09531018,0.029852963
W0BHMtXT,0.064875405,0.104279524,0.15191242,0.207812241,0.252967321,0.230986729,0.167054085,0.101782694,0.133531393,0.073331273,0.080042708,0.055059777,0.103540679,0.043485112,0.126751706,0.09763847,0,0.100083459,0.071458964,0.15415068
WRgBWkBO,0.067022801,0.13576242,0.222361996,0.330241687,0.37176519,0.372888938,0.310938935,0.195060583,0.189242,0.200670695,0.223143551,0.14518201,0.187211542,0.15415068,0.15415068,0.216223108,0.174353387,0.302280872,0.194156014,0.194156014
WiKfwQG1,0.087525272,0.168679426,0.191602366,0.268263987,0.280301965,0.232622295,0.124454174,0.116410352,0.175204089,0.133531393,0.126751706,0.074107972,0,0.064538521,0.405465108,0.182321557,0.194156014,0.223143551,Inf,0.693147181
WxIscnh0,0.082628734,0.152614541,0.197157914,0.196556673,0.223143551,0.20264503,0.18610228,0.159848701,0.184922338,0.239229689,0.296265816,0.385662481,0.171850257,0.310154928,0.435318071,0.693147181,0.485507816,0.36772478,0.405465108,0.287682072
X5kmXm2t,0.05591263,0.103119345,0.139868501,0.172655834,0.188820361,0.135691687,0.080042708,0.053540767,0.090971778,0.065240522,0.047067511,0.099090903,0.055059777,0.041672696,0.021053409,0.051293294,0.030771659,0,0,0.054067221
XG46gE0Y,0.064029986,0.12845623,0.204249281,0.282649349,0.339390882,0.368807617,0.397026239,0.366850272,0.293991242,0.239672853,0.16507975,0.09237332,0.078780878,0.056089467,0.136575535,0.072320662,0.045462374,0.188052232,0.223143551,0.15415068
XVvERXzh,0.054918451,0.105548721,0.140222736,0.18535228,0.195814237,0.138836445,0.175890666,0.10047053,0.078471615,0.043802623,0.078780878,0.075507553,0.074107972,0.09237332,0.03509132,0.117783036,0.111225635,0.133531393,0,0
XbdRrkxS,0.061002837,0.111952387,0.176000289,0.224409718,0.291351801,0.332842469,0.398907708,0.232445944,0.149212398,0.140357358,0.163325056,0.144249609,0.174353387,0.105360516,0.209720531,0.111225635,0.084557388,0.113328685,0.084557388,0.117783036
XkrRgefi,0.094941395,0.178323397,0.246270281,0.16462198,0.18698357,0.203598955,0.215708573,0.191891008,0.243622083,0.276253377,0.451985124,0.405465108,0.405465108,0.587786665,0.693147181,1.098612289,Inf,0.693147181,Inf,Inf
XxnpBqCk,0.063918374,0.125046191,0.21767961,0.309297663,0.416394179,0.278309933,0.405465108,0.232193387,0.090151097,0.068992871,0.085522173,0.063513406,0.047252885,0.044451763,0.072320662,0.03333642,0.062520357,0,0.122602322,0.087011377
Y2Mijmxk,0.062853523,0.122199827,0.15079947,0.134461481,0.05425059,0.031252544,0.0588405,0.063715814,0.043172172,0.102654154,0.074107972,0.071458964,0.191055237,0.162518929,0.251314428,0.182321557,0,0,NaN,1.386294361
Ybch0Nl3,0.055985714,0.109638542,0.159035887,0.236990101,0.298354532,0.315570104,0.204246917,0.13623045,0.160682382,0.11506933,0.138150338,0.101352494,0.141078598,0.156569061,0.18610228,0.110000895,0.040005335,0.100083459,0.133531393,0.133531393
Ycmah3Py,0.094927415,0.205131669,0.298683284,0.374693449,0.340325806,0.296265816,0.323787077,0.251314428,0.344840486,0.162518929,0.167054085,0.405465108,0.251314428,0.200670695,0.356674944,0.693147181,1.386294361,Inf,1.098612289,0.693147181
YsYVO0J6,0.061388059,0.098125512,0.139720415,0.183049094,0.20804303,0.235314087,0.234993591,0.15415068,0.15665381,0.04849435,0.101536419,0.041158072,0.052842481,0.025001302,0.050010421,0.045462374,0.045809536,0.03509132,0.019418086,0.016529302
Ytlu6T69,0.061998773,0.09336416,0.13112091,0.166847142,0.206463862,0.263148886,0.280741043,0.239870345,0.168227794,0.105360516,0.148845628,0.090971778,0.082521024,0.099529595,0.090384061,0.015267472,0.119346758,0.109199292,0.123613956,0
ZAn8qhAb,0.072468017,0.155261537,0.242516718,0.389603204,0.479136113,0.514455392,0.473784352,0.207639365,0.075507553,0,0.053109825,0.111917916,0.020619287,0.047628049,0,0.074107972,0.125163143,0.167054085,0.182321557,0
ZK2JlJsq,0.042682867,0.075332962,0.117238522,0.172402071,0.22245127,0.251314428,0.322398509,0.295902906,0.271077917,0.193750253,0.239672853,0.131336002,0.125163143,0.112795494,0.114410351,0.126751706,0.157185584,0.112117298,0.161268148,0.217064505
ZR3QAZmu,0.067358706,0.12414293,0.178993767,0.168083774,0.08104121,0.039740329,0.029156584,0.081678031,0.062520357,0.103184236,0.082238098,0.09531018,0.064538521,0.071458964,0.117783036,0.167054085,0.200670695,0.200670695,0.405465108,0.405465108
ZbuDvcLk,0.060287836,0.106709712,0.174237438,0.225493729,0.285688054,0.370018359,0.328033368,0.37578934,0.144249609,0.097163748,0.0719735,0.056089467,0.085157808,0.075985907,0.074107972,0.082238098,0.109199292,0.109199292,0.113328685,0.223143551
Zj2jtm25,0.06270439,0.132513389,0.207934133,0.312683375,0.357198367,0.576175504,0.483174092,0.186877373,0.075507553,0,0.033901552,0.03509132,0.062520357,0.067441281,0.09531018,0.042559614,0.047628049,0.105360516,0.037740328,0.105360516
ZyF5gFL7,0.056461695,0.118945274,0.136451103,0.142468304,0.113581349,0.082147972,0.057158414,0.024815169,0.041385216,0.043485112,0.013605652,0.030305349,0.072320662,0,0.028987537,0,0,0.044451763,0.051293294,0.15415068
a2SHGIQT,0.0865424,0.159147869,0.244770345,0.235164038,0.175093854,0.100083459,0.051293294,0.067139303,0.115512887,0.075507553,0.045462374,0.046520016,0,0.133531393,0.262364264,0.167054085,0.143100844,0.251314428,Inf,0.510825624
a59COYtO,0.055617238,0.119316134,0.194195413,0.259464433,0.33377318,0.412532275,0.295229278,0.306730267,0.161641352,0.159630146,0.175890666,0.175204089,0.103184236,0.171850257,0.182321557,0.030771659,0.133531393,0.159064695,0.113328685,0.105360516
ahs2loij,0.045242408,0.084183981,0.124680327,0.168573024,0.195863496,0.211422331,0.234125968,0.266699347,0.269739639,0.287682072,0.316337328,0.378898081,0.284387177,0.290584832,0.243622083,0.371563556,0.251314428,0.352821375,0.237671652,0.370373788
arPGgOEf,0.053160597,0.092286578,0.142130676,0.183832131,0.215985325,0.232112221,0.286513165,0.179468488,0.151345629,0.134656885,0.081917122,0.073331273,0.075985907,0.077961541,0.076372979,0.064538521,0.103184236,0.047628049,0.021978907,0.077961541
b632WDpF,0.055926654,0.089731745,0.134179971,0.166496516,0.202769332,0.210423589,0.201120639,0.201369752,0.21588838,0.101352494,0.092781733,0.054067221,0.056089467,0.089612159,0.054067221,0.098440073,0.042559614,0.083381609,0.125163143,0
bFIh8shd,0.09003641,0.156117679,0.247408173,0.326625046,0.42073258,0.477438608,0.37223946,0.258861634,0.175890666,0.127833372,0.112477983,0.060624622,0.031748698,0.15415068,0.146603474,0.356674944,0.287682072,0.15415068,0.405465108,Inf
bR8vqmI1,0.055826823,0.103256758,0.155296117,0.21861231,0.253636231,0.213458246,0.162518929,0.131242189,0.089231134,0.058648727,0.091667189,0.089948237,0.066691374,0.075223421,0.105360516,0.081678031,0.075985907,0.124052649,0.133531393,0.076961041
bYuhoS4X,0.087079252,0.126550931,0.194156014,0.171985547,0.16667694,0.167054085,0.152468594,0.133531393,0.111225635,0.112477983,0.062520357,0.068992871,0.255933374,0.171850257,0.257829109,0.268263987,0.405465108,0.693147181,0.538996501,1.098612289
bePyG1Du,0.049465204,0.100607728,0.152583723,0.192734146,0.210136245,0.237251219,0.119188517,0.122401982,0.034066555,0.052798186,0.039220713,0.057158414,0.071458964,0.071458964,0.057158414,0.052185753,0.114410351,0.102654154,0.090971778,0.072320662
bqTsXpKl,0.074618428,0.137084299,0.204882592,0.281292274,0.244557646,0.22163866,0.182321557,0.219859476,0.264692554,0.217723484,0.207639365,0.182321557,0.196710294,0.207639365,0.223143551,0.356674944,0.441832752,0.405465108,Inf,1.098612289
byzUmGWJ,0.060302014,0.115840171,0.183526065,0.254396095,0.298492989,0.250902821,0.216059696,0.162518929,0.152839204,0.057629113,0.107988638,0.040821995,0.104360015,0.085766822,0.043172172,0.091807549,0,0.103184236,0.287682072,0.0588405
cIvtHO4P,0.055110842,0.103659654,0.172759661,0.225418865,0.290506135,0.28322375,0.315270029,0.279960026,0.248461359,0.178879213,0.152191815,0.164755233,0.158224005,0.178691789,0.233614851,0.170625517,0.195308752,0.223143551,0.243622083,0.209720531
cr0mCZNx,0.083917291,0.141530985,0.074780015,0.118390016,0.134590154,0.165985137,0.248461359,0.237671652,0.207639365,0.195060583,0.276253377,0.303682414,0.36772478,0.379489622,0.470003629,0.619039208,0.510825624,0.693147181,0.693147181,0.356674944
d4F5xQy9,0.056185141,0.101553815,0.155030574,0.198378994,0.221207442,0.210345238,0.157110137,0.092976456,0.093401175,0.067822596,0.084557388,0.064538521,0.034289073,0.115831816,0.052643733,0.030305349,0.101096117,0.077961541,0.101096117,0.080042708
dG40RNan,0.072616793,0.126744508,0.192573485,0.23137405,0.316517622,0.149676399,0.057523844,0.094187215,0.022728251,0.013793322,0.089612159,0.049596941,0,0.14518201,0.054067221,0.09531018,0.040821995,0.083381609,0.207639365,0.262364264
dHsx22mJ,0.044768397,0.077501372,0.101410566,0.131126336,0.173049606,0.207984991,0.250724284,0.25243331,0.32913379,0.323400155,0.322203267,0.191891008,0.189868762,0.158823586,0.20840127,0.149212398,0.152468594,0.176456437,0.152016207,0.214409871
dRN9a0uf,0.070190716,0.119680864,0.159244175,0.177570954,0.107193697,0.072412578,0.087011377,0.046520016,0.107888962,0.057158414,0.096626836,0.020619287,0.044451763,0,0.037740328,0,0.09531018,0,0,Inf
dmWVXiPM,0.094100014,0.141323855,0.192939913,0.116799268,0.09823844,0.087011377,0.057708318,0.105360516,0.088947486,0.089612159,0.076961041,0.194156014,0.211309094,0.080042708,0,0,0.693147181,0.693147181,Inf,1.098612289
dpphCSNb,0.082945342,0.119838535,0.141103999,0.139921191,0.124850203,0.162795134,0.170151021,0.225671998,0.209350229,0.223143551,0.348306694,0.204794413,0.36772478,0.182321557,0.441832752,0.336472237,0.916290732,0.693147181,0.336472237,0.287682072
e13bsM5a,0.075270446,0.143145842,0.242213114,0.298492989,0.350740208,0.301475395,0.302810954,0.2135741,0.133531393,0.144581229,0.230523659,0.133531393,0.098440073,0.2135741,0.182321557,0.470003629,0.30538165,0.268263987,0.262364264,0.287682072
eOBg4mwH,0.051136981,0.083478846,0.120320035,0.159957108,0.203732079,0.237081059,0.262546099,0.261256845,0.249811798,0.154898343,0.09763847,0.098845835,0.039478811,0.045462374,0.048009219,0.068992871,0.05651221,0.038466281,0.119346758,0.09402895
ebjrMM53,0.07119256,0.124052649,0.195454486,0.229238477,0.237081059,0.168136922,0.153122402,0.128254336,0.055262679,0.15415068,0.069958589,0.044451763,0.093090423,0.117783036,0.09237332,0.251314428,0.313657559,0.356674944,0.194156014,0.207639365
egXfYcVu,0.081951056,0.141078598,0.190863403,0.138150338,0.071204446,0.070316498,0.074107972,0.12323264,0.098440073,0.072320662,0.103184236,0,0.174353387,0.182321557,0.336472237,0.200670695,0.470003629,0.916290732,NaN,0.693147181
ekZNvuex,0.046241637,0.083089514,0.109720926,0.129892301,0.146076544,0.175628015,0.198109172,0.239826051,0.280191401,0.334407187,0.339354083,0.376597124,0.46536325,0.538996501,0.497580397,0.564892845,0.464888529,0.591364486,0.39834764,0.459532329
erdKOQ7X,0.046586934,0.103004278,0.136868901,0.168273267,0.18729257,0.203228242,0.135691687,0.127230175,0.098845835,0.096626836,0.090971778,0.111917916,0.103796794,0.15123097,0.18610228,0.139761942,0.188052232,0.182321557,0.146603474,0.200670695
f0Ts7NJh,0.072435078,0.120120586,0.148061763,0.148845628,0.135545492,0.16507975,0.189620859,0.168136922,0.233614851,0.105360516,0.36772478,0.336472237,0.171850257,0.559615788,1.098612289,0.693147181,1.098612289,0.287682072,0.510825624,Inf
f8iKrVUp,0.02422612,0.04454006,0.052486471,0.066424575,0.081423171,0.093252616,0.109371374,0.133771841,0.149227198,0.169877764,0.190282678,0.217301276,0.234735299,0.252131088,0.283362411,0.29258576,0.312621021,0.363500909,0.371381091,0.403225466
fLfdcR9Z,0.050054805,0.093523657,0.127574159,0.154035744,0.15415068,0.16947665,0.167744772,0.179048231,0.119903927,0.17022115,0.0893451,0.055569851,0.037740328,0.039220713,0.014598799,0.05942342,0.017699577,0.051293294,0.028170877,0.089612159
fd7pMJua,0.062657678,0.103465434,0.141556953,0.198450939,0.214736215,0.232383432,0.22434044,0.167054085,0.129811612,0.053488685,0.047252885,0.051293294,0.031748698,0.067822596,0.040005335,0.058268908,0.09531018,0.026668247,0,0.039220713
fihT2q9c,0.070960832,0.118776135,0.161250162,0.157780448,0.14499031,0.073588357,0.040351296,0.069593292,0.033522692,0.060624622,0.061557893,0.074107972,0.070204259,0.089612159,0.09531018,0.074107972,0.207639365,0.268263987,0.241162057,0.087011377
fvpJO6dv,0.060300055,0.114327023,0.169957121,0.210706986,0.191641289,0.130477955,0.060841659,0.015915455,0.042863704,0.041158072,0.044171218,0.048790164,0.082238098,0.090151097,0.034486176,0.027398974,0.080042708,0.066691374,0.090971778,0.09531018
g2W4FUSb,0.084372602,0.135684698,0.196773096,0.255026109,0.285944453,0.222487599,0.203725465,0.119903927,0.079464171,0.065597282,0.047067511,0.088553397,0.049596941,0.136575535,0.052643733,0.077961541,0.071458964,0.033901552,0.09531018,0.171850257
g5sxqMgO,0.057640135,0.091683082,0.121773098,0.155011932,0.201552919,0.242205535,0.278287689,0.317644124,0.308472842,0.322988886,0.388370675,0.386560953,0.471423076,0.570544858,0.454255272,0.669049629,0.519875459,0.587786665,0.212561442,0.228841572
g84PP6lh,0.076619691,0.137820278,0.205419843,0.264596052,0.299744945,0.240279834,0.266878945,0.158470341,0.187598614,0.182321557,0.173663494,0.207639365,0.265703166,0.171850257,0.189242,0.356674944,0.322773392,0.530628251,0.274436846,0.451985124
g9WGBFnV,0.040970462,0.092933114,0.123373055,0.165892098,0.200793207,0.18695037,0.144696376,0.096460266,0.071289084,0.02695581,0.02515856,0.072906771,0.051293294,0.070380797,0.087011377,0.058268908,0.126751706,0.062520357,0.060624622,0.068992871
gO7Cpt1X,0.053248486,0.08979707,0.136711046,0.201866153,0.230939173,0.239862511,0.31771436,0.258932659,0.242730685,0.192765516,0.16296131,0.128617378,0.167054085,0.117783036,0.140581951,0.133531393,0.164303051,0.167054085,0.182321557,0.178248231
gQS9V6ab,0.101545372,0.157409236,0.227193311,0.224285756,0.143100844,0.198850859,0.11506933,0.186585956,0.121360857,0.203598955,0.251314428,0.207639365,0.510825624,0.405465108,1.098612289,0.287682072,0.916290732,0.36772478,0.356674944,0.559615788
gXhE9VUw,0.072749519,0.128192052,0.193941698,0.244047137,0.193458259,0.107520344,0.067718174,0.045120435,0.053584246,0.032435276,0.076961041,0.090151097,0.080042708,0.101096117,0.060624622,0.033901552,0.113328685,0.196710294,0.167054085,0.15415068
gZry6Nal,0.085443947,0.168999611,0.218293097,0.182952671,0.09531018,0.06500483,0.050261835,0.042559614,0.060624622,0.074107972,0.085157808,0.074107972,0.182321557,0.15415068,0.167054085,0.200670695,0.09531018,0.405465108,NaN,Inf
gbNgqUpT,0.091138072,0.156241637,0.182645758,0.101228278,0.061644163,0.08912778,0.067139303,0.061557893,0.103184236,0.05942342,0,0.080042708,0.207639365,0.287682072,0.15415068,0.223143551,Inf,Inf,Inf,Inf
gkyOGI21,0.067936794,0.155223411,0.255381128,0.299285256,0.354276861,0.264528767,0.217301276,0.118951943,0.069679921,0.054808236,0.055569851,0.081678031,0.130620182,0.040821995,0.117783036,0.105360516,0.133531393,0.191055237,0.233614851,0.182321557
gudwNnwN,0.075900362,0.149221366,0.218310289,0.292258739,0.427937964,0.589157467,0.708185058,0.475423697,0.217723484,0.173271721,0.177681177,0.09531018,0.262364264,0.146603474,0.216223108,0.121360857,0.30538165,0.162518929,0.223143551,0.09531018
h08bvb14,0.049018771,0.100090169,0.138933945,0.167820466,0.192016379,0.146701856,0.159759219,0.124605418,0.110541874,0.053345981,0.045256592,0.030771659,0.088728116,0.029413885,0.100083459,0.068992871,0.041672696,0.09531018,0.028987537,0
hKEWIYx3,0.067081333,0.127273263,0.198914152,0.282460128,0.314415135,0.280614905,0.264151575,0.113328685,0.071458964,0.049596941,0.103540679,0.068992871,0.110000895,0.063178902,0.030305349,0.060624622,0.029852963,0,0,0.182321557
hhg6N9lU,0.071470694,0.120228886,0.149966573,0.171094494,0.171640547,0.146379535,0.167054085,0.147324715,0.178248231,0.228258652,0.234839591,0.177681177,0.274436846,0.336472237,0.351397887,0.470003629,0.916290732,0.492476485,0.405465108,0.405465108
hsX5kAeZ,0.080395063,0.14814188,0.20379291,0.21511138,0.231111721,0.217412877,0.164303051,0.205852054,0.241162057,0.3254224,0.328504067,0.287682072,0.310154928,0.207639365,0.606135804,Inf,0.693147181,0.559615788,0.510825624,Inf
hxJw9Wjr,0.086942422,0.140941241,0.171674216,0.114326413,0.06177736,0.060624622,0.056089467,0.105360516,0.043172172,0.137201122,0.052643733,0,0,0.125163143,0.080042708,0,0,0,Inf,NaN
i0oCTuhJ,0.048277366,0.106278336,0.136924598,0.176623536,0.181400322,0.170625517,0.130265195,0.082370997,0.124642445,0.109199292,0.089856329,0.197825743,0.18610228,0.16907633,0.100083459,0.189242,0.139761942,0,0.068992871,0.182321557
i9oVbbz6,0.040510992,0.075872542,0.096460266,0.132291364,0.164961596,0.192371893,0.242807106,0.233809083,0.275228611,0.237584235,0.19966567,0.177983155,0.200670695,0.069472373,0.08299692,0.090514008,0.062913825,0.019802627,0.045462374,0.017391743
iIzgYYRS,0.012799868,0.024201107,0.036661486,0.050355021,0.063947619,0.077599203,0.087319693,0.096591721,0.10371421,0.109420784,0.113836909,0.122806594,0.128431199,0.134510345,0.151689308,0.152502834,0.160821205,0.171201506,0.198578644,0.194475656
iJsDlll8,0.130563396,0.193068861,0.268392414,0.339073018,0.408634683,0.491665126,0.638087403,0.434452645,0.346276237,0.287682072,0.32090772,0.312374685,0.451985124,0.318453731,0.36772478,0.470003629,0.485507816,0.405465108,0.348306694,0.693147181
iqQ28Zc4,0.010933891,0.020966682,0.031807721,0.043987907,0.056862459,0.071559767,0.086273257,0.100542264,0.109046476,0.114798415,0.115561946,0.114194973,0.121324842,0.129574774,0.129759227,0.136590434,0.147601538,0.160021236,0.155845883,0.159630146
j3iTbhie,0.058621992,0.110095821,0.173209247,0.237473377,0.282446458,0.329237743,0.287682072,0.275228611,0.157903029,0.087011377,0.057987258,0.081345639,0.098440073,0.117783036,0.063178902,0,0.044451763,0.102654154,0.064538521,0.470003629
jD5WJNcX,0.037881372,0.07905349,0.091133212,0.115976817,0.14472159,0.166369075,0.192533954,0.259825118,0.239479971,0.223143551,0.22906657,0.174353387,0.187741624,0.149035579,0.107988638,0.083381609,0.046520016,0.063851472,0.066249386,0.066691374
jDDqCwxU,0.081384089,0.14896468,0.208809092,0.223143551,0.197359434,0.101096117,0.057158414,0.057987258,0.043802623,0.115512887,0.231801614,0,0.036367644,0.236388778,0.559615788,0.15415068,0.09531018,1.386294361,0.510825624,NaN
jS1r3uGd,0.086900344,0.149704252,0.236102696,0.279470883,0.298492989,0.303682414,0.223143551,0.300104592,0.260283098,0.321583624,0.171850257,0.302280872,0.271933715,0.251314428,0.336472237,0.405465108,1.386294361,NaN,Inf,1.386294361
jasA5s93,0.055900306,0.089581731,0.132742438,0.160930367,0.230161124,0.284286483,0.275809294,0.257544978,0.283362411,0.209720531,0.164303051,0.057987258,0.056352937,0.0719735,0.045809536,0.061875404,0.016807118,0.064538521,0.085157808,0.125163143
k3YTjMU4,0.063775433,0.112020213,0.161926259,0.197679212,0.199461067,0.176703564,0.167615409,0.110348057,0.080042708,0.073427469,0.074107972,0.070951736,0.054067221,0.084557388,0.075985907,0.064538521,0.032789823,0,0.057158414,0.111225635
kEC7G8DP,0.068581389,0.11249235,0.168037901,0.222556869,0.258914002,0.242561637,0.243126051,0.15415068,0.161969328,0.080042708,0.123613956,0.09531018,0.149035579,0.171850257,0.178248231,0.159064695,0.162518929,0.188052232,0.174353387,0.162518929
kFPZtJof,0.067560301,0.137594787,0.224073351,0.251671635,0.274198722,0.232805462,0.226124179,0.15415068,0.0588405,0.070204259,0.034486176,0.070617567,0.077961541,0.162518929,0.143100844,0.15415068,0.133531393,0.287682072,0.336472237,NaN
kGhQ1FQc,0.028841127,0.067260061,0.091263102,0.115035424,0.153453573,0.177681177,0.184364458,0.242839801,0.203656664,0.202236866,0.20507077,0.1461419,0.165711502,0.092709398,0.081345639,0.090596895,0.103032226,0.119959315,0.111225635,0.119346758
kHl7BBo3,0.026423669,0.057590188,0.071852444,0.088277709,0.113153518,0.136241042,0.162635882,0.182321557,0.199962588,0.241396992,0.272799142,0.281305855,0.288654362,0.305897512,0.286276591,0.266267978,0.24406145,0.218253566,0.214559808,0.201482055
kbOfCieZ,0.063329186,0.120679836,0.196201575,0.255814334,0.28076163,0.312518996,0.293547192,0.268263987,0.208754814,0.243622083,0.303682414,0.382992252,0.232622295,0.257829109,0.223143551,0.182321557,0.265703166,0.351397887,0.356674944,0.255933374
l230IPIW,0.05314466,0.097603508,0.13332704,0.171850257,0.196466064,0.175984709,0.113597178,0.111744038,0.085417751,0.044124805,0.037387532,0.052922401,0.025317808,0.052185753,0.075223421,0.015748357,0.051293294,0.052643733,0.050010421,0.080042708
l58jyPMn,0.056359245,0.109380859,0.140736035,0.186940503,0.130452888,0.065881705,0.054067221,0.051624365,0.096228032,0.077961541,0.062131781,0.109199292,0.070204259,0.028987537,0.21511138,0.074107972,0.182321557,0.182321557,0.223143551,0.223143551
lxLc4Sek,0.073632504,0.117494394,0.16605086,0.228258652,0.27407642,0.261840841,0.234572247,0.177681177,0.066249386,0.032789823,0.058268908,0.15082289,0.157628944,0.15415068,0.101782694,0.196710294,0.044451763,0.057158414,0.117783036,0
m43FWyiY,0.069923305,0.149531734,0.236182561,0.271568285,0.37049651,0.323065576,0.266628663,0.150480951,0.214147988,0.117783036,0.126040721,0.15415068,0.125163143,0.110000895,0.138836445,0.14518201,0.238411023,0.236388778,0.15415068,0.262364264
mMfeNBCP,0.044756001,0.082069273,0.132995688,0.195169699,0.24713382,0.294699645,0.309104508,0.338325805,0.344451002,0.299084705,0.182321557,0.220671362,0.112795494,0.057987258,0.114410351,0.030305349,0.045809536,0.015037877,0.037041272,0.021978907
maugZAlg,0.045828752,0.079842177,0.102149139,0.137447482,0.187427617,0.227951253,0.282669531,0.304877871,0.334479212,0.379775622,0.407860319,0.369920171,0.388223302,0.338325805,0.26510775,0.21588838,0.18859117,0.137201122,0.167054085,0.129211731
mgKwPHtm,0.035900572,0.078263445,0.124223944,0.123997642,0.13638517,0.129936422,0.106555973,0.074931017,0.037611271,0.053345981,0.038786025,0.050010421,0.071825735,0.060624622,0.071458964,0.047252885,0.070204259,0.09531018,0.159064695,0.074107972
mxKQbPdW,0.054382712,0.098481894,0.141182239,0.191804581,0.197292999,0.188742125,0.182321557,0.136798302,0.060870715,0.045462374,0.068992871,0.069593292,0.202940844,0.080969063,0.073025135,0.105360516,0.077961541,0.229574442,0.14518201,0.133531393
nGyTDr5q,0.047322041,0.109874375,0.125038773,0.143162286,0.140681,0.106897795,0.10697212,0.064837519,0.06029223,0.066691374,0.060624622,0.093818755,0.077558234,0.125163143,0.110000895,0.130053128,0.102654154,0.068992871,0.167054085,0.162518929
nJNrFOAf,0.050931133,0.093129574,0.145345138,0.169958109,0.216429613,0.242178317,0.25965476,0.223143551,0.113835143,0.147452731,0.211309094,0.060624622,0.048790164,0.048790164,0.057158414,0.081678031,0.176930708,0.076961041,0.032789823,0.087011377
nkcnBgOa,0.065760966,0.138931616,0.212386311,0.334749583,0.251314428,0.159427737,0.060624622,0.128617378,0.161268148,0.194156014,0.277631737,0.149531734,0.216223108,0.182321557,0.271933715,0.374693449,0.470003629,0.693147181,0.693147181,1.098612289
nqtTzjoP,0.039680852,0.088905395,0.120631904,0.137107131,0.16285547,0.164897052,0.173111431,0.1463476,0.162823761,0.086741653,0.074901308,0.055451305,0.036533743,0.055569851,0.029413885,0.025105921,0.034191365,0.046091107,0.028710106,0.045809536
nvvWjNuQ,0.016213027,0.027360398,0.040432783,0.054380142,0.068522526,0.080536162,0.088418258,0.092872361,0.097307065,0.105360516,0.120446153,0.131116283,0.134127486,0.148011727,0.157797167,0.173231918,0.167424908,0.174927808,0.202026628,0.211228517
nwg8qbmZ,0.082500019,0.127978027,0.172953807,0.120504126,0.09237332,0.088107268,0.141411654,0.054488185,0.072759354,0.136575535,0.127833372,0,0.122602322,0.470003629,0.182321557,0.207639365,0.510825624,0.470003629,Inf,NaN
nyRH10Bw,0.082823409,0.121804874,0.174452392,0.217176125,0.267203541,0.180126166,0.156842471,0.101096117,0.035506688,0.034486176,0.028987537,0.051293294,0.017391743,0.025317808,0,0.071458964,0.039220713,0.143100844,0,0.287682072
o9xCf7YI,0.069063515,0.121376284,0.185131111,0.250051004,0.335207214,0.314392223,0.237328186,0.167054085,0.072320662,0.041385216,0.045809536,0.059719235,0.040005335,0.075985907,0.117783036,0.101782694,0.080042708,0.191055237,0.113328685,0.194156014
oE7OaXfV,0.061569024,0.119597266,0.154918434,0.162259829,0.152839204,0.116259806,0.124790773,0.151399646,0.16532398,0.226527649,0.27541198,0.11506933,0.133531393,0.231801614,0.194156014,0.287682072,0.117783036,0.223143551,0.09531018,Inf
oSFbRH4g,0.06420192,0.113168934,0.184405785,0.231311991,0.264773582,0.249385787,0.211309094,0.184093036,0.157903029,0.089231134,0.168622712,0.110348057,0.10697212,0.124052649,0.076961041,0.228841572,0.15415068,0.141078598,0.200670695,0.231801614
obDMup1i,0.069554092,0.124318889,0.164193252,0.207934133,0.203912189,0.188052232,0.188309599,0.171850257,0.11506933,0.135801541,0.175890666,0.167054085,0.198450939,0.14518201,0.287682072,0.15415068,0.238411023,0.251314428,0.245122458,0.15415068
odbnl461,0.046595115,0.083369084,0.13297912,0.18904862,0.241748739,0.289848921,0.332314226,0.302541187,0.279960026,0.220240792,0.190689806,0.166126871,0.149531734,0.187211542,0.129677823,0.111225635,0.139112802,0.200670695,0.165514438,0.130620182
ogsPBgBT,0.07286687,0.117685764,0.146344967,0.164820034,0.193632226,0.210721031,0.242561637,0.205263126,0.236388778,0.202524264,0.15123097,0.200670695,0.27029033,0.259511195,0.204794413,0.302280872,0.207639365,0.348306694,0.587786665,Inf
osrCJbfp,0.052548021,0.087018531,0.138295772,0.204652187,0.258022309,0.263708953,0.265255037,0.205498291,0.170784272,0.109199292,0.086540456,0.057819571,0.050010421,0.036904557,0.048009219,0.070380797,0.062242309,0.048318577,0,0.059898142
pHIS8pPt,0.034683605,0.080372795,0.114728266,0.142468304,0.180496098,0.190430354,0.20048207,0.178965849,0.137040852,0.114158905,0.084557388,0.050430854,0.074723546,0.031252544,0.046956983,0.048202102,0.057158414,0.105360516,0.103184236,0.037740328
pmYdj2Zc,0.069066143,0.133760724,0.123521299,0.098923916,0.052299499,0.021506205,0.043083586,0.040821995,0.054808236,0.057158414,0.067822596,0,0.09763847,0.117783036,0.146603474,0.200670695,0.182321557,0.559615788,0.510825624,0.693147181
pxr3J4Ow,0.076337922,0.135503583,0.214499442,0.239170421,0.284279551,0.342766514,0.330006697,0.304211374,0.319942935,0.287682072,0.332705754,0.233614851,0.162518929,0.3074847,0.189242,0.223143551,0.139761942,0.15415068,0.287682072,0.15415068
q8FyLMSn,0.100794634,0.137641844,0.144188687,0.088618836,0.08396538,0.062520357,0.09237332,0.128617378,0.120627988,0,0.028987537,0.211309094,0.054067221,0.200670695,0.405465108,0.559615788,0.693147181,Inf,0,0.693147181
qUI9PiJS,0.05911481,0.105772475,0.149808511,0.225990818,0.27202339,0.331272509,0.292496718,0.311436158,0.27029033,0.175352887,0.18610228,0.15415068,0.156004248,0.150572858,0.18610228,0.165514438,0.178248231,0.171850257,0.15415068,0.231801614
qhvy63Op,0.088848332,0.145546976,0.1791769,0.095550017,0.036076056,0.053345981,0.069679921,0.060624622,0.087011377,0.036367644,0.105360516,0.042559614,0.200670695,0.485507816,0.182321557,0.405465108,1.098612289,Inf,1.386294361,NaN
qiIHjZln,0.033270277,0.056689595,0.08483988,0.119228176,0.153808038,0.187462956,0.220511172,0.261102435,0.281369282,0.30538165,0.267227824,0.290191484,0.256133715,0.283857976,0.217243829,0.284736562,0.207014169,0.166235419,0.168335315,0.128832872
ry6fCSwK,0.085032366,0.139242147,0.255182905,0.175564774,0.198450939,0.21217452,0.24613307,0.372675285,0.424883194,0.310154928,0.310154928,0.356674944,0.36772478,0.510825624,0.693147181,0.559615788,0.693147181,0.223143551,1.098612289,0.15415068
sUlatygS,0.06492369,0.126106217,0.189187177,0.265136834,0.351555479,0.379489622,0.268889573,0.283362411,0.165985137,0.119545151,0.122602322,0.098440073,0.133531393,0.16034265,0.136132174,0.16907633,0.167054085,0.123613956,0.158224005,0.16034265
scqtqhQi,0.072594529,0.154494027,0.237849699,0.314327396,0.36772478,0.402022764,0.327212911,0.156842471,0.256719847,0.194156014,0.248461359,0.177681177,0.209091798,0.189242,0.241162057,0.223143551,0.287682072,0.287682072,0.587786665,0.405465108
t86vURE5,0.074120481,0.127716595,0.199748271,0.258166586,0.261781344,0.210295409,0.151549898,0.158224005,0.082238098,0.133531393,0.040821995,0.121360857,0.089612159,0.074107972,0,0.111225635,0.105360516,0.143100844,0.262364264,0
uBFpj4lx,0.081580282,0.116919007,0.165850184,0.227578148,0.246450605,0.158406005,0.09265883,0.036701367,0.060624622,0.033901552,0.033901552,0.031252544,0.045462374,0.046520016,0,0.114410351,0.036367644,0.042559614,0.087011377,0.146603474
uQaqBtOs,0.065212975,0.123561782,0.202201269,0.269385943,0.343843974,0.309698203,0.271933715,0.200670695,0.108213585,0.09607383,0.057987258,0.088947486,0.05942342,0.068992871,0.143100844,0.105360516,0.148420005,0.105360516,0.133531393,0.194156014
uSnrgTDe,0.0746427,0.128319719,0.154964813,0.156160731,0.09217046,0.057158414,0.057523844,0.068992871,0.131927543,0.085157808,0.087011377,0.066691374,0.0588405,0,0.048790164,0.15415068,0.405465108,0.510825624,Inf,Inf
ucT4dryZ,0.075169339,0.119677081,0.165100182,0.178286164,0.235456812,0.241605614,0.137201122,0.192371893,0.211309094,0.209091798,0.182321557,0.164303051,0.182321557,0.149531734,0.171850257,0.207639365,0.336472237,0.916290732,0.916290732,0.78845736
ufQZNsiU,0.083051833,0.158692938,0.224175721,0.259014178,0.14028564,0.132424586,0.025752496,0.053109825,0.015267472,0.018018506,0.050010421,0,0.036367644,0.064538521,0,0,0.133531393,0.405465108,0.15415068,NaN
ujkGAy6u,0.098708457,0.148446923,0.168365345,0.165280091,0.045909701,0.051825068,0.015267472,0.037740328,0.16507975,0.024692613,0,0.051293294,0.182321557,0.262364264,0,0,NaN,1.098612289,0.405465108,NaN
ut7ckdyI,0.055648269,0.111270522,0.173548676,0.251999008,0.31414276,0.403467105,0.382992252,0.384411699,0.200670695,0.139761942,0.112117298,0.053345981,0.050430854,0,0.027398974,0.044451763,0.033901552,0.020619287,0.040821995,0.022989518
uwtiYEpw,0.044515743,0.092500943,0.129467097,0.16907633,0.191055237,0.192236014,0.133531393,0.087775611,0.080042708,0.087011377,0.076161361,0.098440073,0.138150338,0.18610228,0.234839591,0.204794413,0.130053128,0.137201122,0.133531393,0.149531734
vLEhUnMj,0.075649228,0.150154671,0.265131247,0.405465108,0.412385551,0.459532329,0.352821375,0.217064505,0.16507975,0.342944751,0.164303051,0.164303051,0.2135741,0.255933374,0.133531393,0.182321557,0.336472237,0.405465108,0.405465108,0.470003629
vbBOikks,0.059716573,0.118827926,0.197846675,0.249093439,0.362513721,0.314905531,0.3074847,0.236388778,0.182321557,0.111225635,0.103796794,0.111225635,0.074107972,0.075507553,0.0588405,0.09531018,0.09237332,0,0.098440073,0.040821995
vxlC5KaR,0.05323973,0.112164624,0.182549373,0.240322602,0.299344012,0.476082675,0.353279355,0.417735201,0.287682072,0.15415068,0.200670695,0.145711811,0.133531393,0.131028262,0.126293725,0.171850257,0.246860078,0.192371893,0.205852054,0.162518929
w2Q5bJMv,0.062268523,0.110023023,0.175480447,0.227783931,0.315007998,0.351397887,0.436555695,0.303682414,0.187211542,0.193371393,0.18610228,0.131336002,0.159630146,0.211309094,0.178248231,0.169899037,0.060624622,0.159064695,0.287682072,0.287682072
w2e3O8Lh,0.050099041,0.092204845,0.137804258,0.173831512,0.211309094,0.23729358,0.158721641,0.138836445,0.128081788,0.090384061,0.054067221,0.031498667,0.072320662,0.021978907,0.045985113,0.026668247,0.032789823,0.093090423,0.123613956,0.083381609
wBZ1RW0f,0.106821413,0.163824555,0.170098463,0.218866123,0.244960816,0.294680002,0.325719445,0.323021439,0.344840486,0.29657102,0.322083499,0.362905494,0.130053128,0.15415068,0.083381609,0.080042708,0.076961041,0.137201122,0.093090423,0.065957968
wQKnlZmx,0.066448284,0.115466081,0.167771776,0.240455759,0.289177959,0.337256858,0.369217318,0.287682072,0.194156014,0.167054085,0.194156014,0.188052232,0.204794413,0.223143551,0.146603474,0.057158414,0.194156014,0.117783036,0.15415068,0.262364264
we9IrnZq,0.070887649,0.141373203,0.22425528,0.295881895,0.331997956,0.285800604,0.231801614,0.219859476,0.111917916,0.100083459,0.112477983,0.135801541,0.120144312,0.125163143,0.15415068,0.194156014,0.274436846,0.245122458,0.194156014,1.098612289
woyjGsIt,0.041440291,0.090767425,0.115614173,0.151522112,0.194510738,0.197825743,0.176930708,0.099372474,0.070715525,0.056887374,0.035878288,0.050552279,0.051293294,0.044451763,0.036813973,0.027028672,0.053109825,0.093526058,0.040005335,0.040821995
x6NSfgSJ,0.069241866,0.131713467,0.215445604,0.241162057,0.27576298,0.287682072,0.224943732,0.239229689,0.129677823,0.231111721,0.209091798,0.228841572,0.177681177,0.138150338,0.241162057,0.245122458,0.287682072,0.200670695,0.262364264,0.318453731
x77WJ10Q,0.047227146,0.102540345,0.136556077,0.142739768,0.156914581,0.188730255,0.205751809,0.224581366,0.194642041,0.120286166,0.126751706,0.046520016,0.097980408,0.074107972,0.072759354,0.045809536,0.127833372,0.066691374,0.050010421,0.074107972
xEIsrkiR,0.056051009,0.097672076,0.152501875,0.221964074,0.268827272,0.286859366,0.333144447,0.243823757,0.171422266,0.130452888,0.059188871,0.068992871,0.075985907,0.077558234,0.045809536,0.021506205,0.093090423,0.021978907,0.159064695,0.110000895
xMJoV8Kz,0.041854279,0.096117635,0.11254056,0.147635999,0.174191431,0.1876835,0.161268148,0.119188517,0.053704179,0.026668247,0.098440073,0.014598799,0.026668247,0.016807118,0.040821995,0.028170877,0.051293294,0.060624622,0.048790164,0
xWZi5URn,0.081877791,0.12479691,0.129451016,0.101266891,0.09045711,0.109484233,0.13895146,0.113758885,0.182321557,0.145711811,0.217064505,0.3254224,0.133531393,0.510825624,0.559615788,0.510825624,1.609437912,0.587786665,1.098612289,0.693147181
y3ET3wKE,0.06191751,0.105341229,0.164726899,0.254545449,0.323853773,0.235038339,0.24406145,0.09969936,0.102654154,0.071095922,0.061693569,0.0719735,0.080042708,0.071458964,0.111225635,0.065957968,0.040005335,0.107630664,0,0.062520357
yKdKYz23,0.062353092,0.11327456,0.168612122,0.221382471,0.234443107,0.186585956,0.133531393,0.101536419,0.075349437,0.109199292,0.065957968,0.05942342,0.060624622,0.067441281,0.125163143,0.089612159,0.084557388,0.066691374,0.171850257,0.080042708
yMjX098h,0.07642192,0.141914956,0.220765429,0.287682072,0.339769849,0.307226669,0.291351801,0.287682072,0.133531393,0.141970261,0.212561442,0.147635999,0.218689201,0.162518929,0.111225635,0.197825743,0.336472237,0.559615788,0.351397887,0.287682072
yQpqLCPL,0.065843639,0.125644482,0.211089627,0.262523513,0.318934616,0.349506454,0.249941744,0.122102697,0.14403937,0.078988411,0.045120435,0.075507553,0.046520016,0.041672696,0.043485112,0,0,0.117783036,0.048790164,0
ySEYmd1c,0.05326164,0.108046643,0.179201429,0.24582026,0.323787077,0.348306694,0.216753753,0.192160006,0.116533816,0.170345366,0.219053566,0.18610228,0.147635999,0.187211542,0.191055237,0.121360857,0.277631737,0.177681177,0.265703166,0.174353387
yXxNEYJT,0.050142378,0.109213453,0.144258552,0.174707307,0.170835429,0.081294742,0.029108084,0.023953241,0.034367644,0.022728251,0.061557893,0.028987537,0.138836445,0.035718083,0.024692613,0.074107972,0.148420005,0.162518929,0.171850257,0.318453731
yZHRUMz7,0.058626825,0.112972061,0.19640399,0.277354958,0.334578297,0.337302457,0.229574442,0.1480531,0.081917122,0.127339422,0.063851472,0.105360516,0.145711811,0.190043603,0.162518929,0.15415068,0.203598955,0.031748698,0.071458964,0.105360516
ybGzWMPA,0.059635626,0.111122532,0.162093106,0.168689408,0.122185684,0.058181955,0.016620881,0.046520016,0.025642431,0.053345981,0.084557388,0.080042708,0.029852963,0,0.080042708,0.207639365,0.09531018,0,0.09531018,0
yzutrWiF,0.050749142,0.09224501,0.142900733,0.185775792,0.238690275,0.281067955,0.284009648,0.31121257,0.28103753,0.236010062,0.254234138,0.177983155,0.142174489,0.09531018,0.18859117,0.167054085,0.133531393,0.25489225,0.093090423,0.125163143
z8FFpnMp,0.07175806,0.141195681,0.225719364,0.295321529,0.333855576,0.317662905,0.294508038,0.339215723,0.235314087,0.186585956,0.136132174,0.318453731,0.15415068,0.231801614,0.310154928,0.167054085,0.182321557,0.287682072,0.287682072,0.559615788
zGObVmrM,0.065909742,0.12159429,0.173702769,0.237920563,0.272088814,0.234316852,0.169418152,0.169559305,0.094310679,0.099372474,0.037041272,0.087011377,0.214409871,0.102654154,0.082238098,0.068992871,0.042559614,0.048790164,0.182321557,0.200670695
zIDgWdoU,0.084635306,0.138325707,0.189201191,0.186775907,0.213964497,0.185836499,0.163453072,0.226313126,0.185717146,0.198450939,0.207639365,0.300104592,0.262364264,0.200670695,0.559615788,0.441832752,0.405465108,0.587786665,0.510825624,0.559615788
zSWVNAon,0.067796064,0.117700748,0.177548278,0.220356371,0.242513104,0.202300024,0.195744577,0.11686434,0.087775611,0.096331109,0.080852097,0.129211731,0.12323264,0.231111721,0.122602322,0.178248231,0.164303051,0.169899037,0.16034265,0.130053128
zbI7ifl8,0.046154751,0.101751527,0.132463691,0.167119773,0.180157834,0.157628944,0.118114656,0.104512699,0.095817923,0.079068523,0.10146946,0.034685558,0.057158414,0.029852963,0.090971778,0.043485112,0.021506205,0,0.062520357,0.083381609
zgGJNHuU,0.048782291,0.075646625,0.106888078,0.149001006,0.188231534,0.227362282,0.239503834,0.305117134,0.277455541,0.271496748,0.268263987,0.198450939,0.230016431,0.139112802,0.15415068,0.129211731,0.126293725,0.113944259,0.15123097,0.130053128
zkO4XPXQ,0.066705584,0.116931899,0.180074365,0.231695833,0.333542547,0.43036266,0.405465108,0.329181803,0.276986783,0.202524264,0.212561442,0.080042708,0.177681177,0.133531393,0.157185584,0.111225635,0.14518201,0.125163143,0,0.101782694
ztKJoXiw,0.011353363,0.02285882,0.035208397,0.048410364,0.062073779,0.078636837,0.09720881,0.109562203,0.112274504,0.116436392,0.11706642,0.122477032,0.128774105,0.132066078,0.140857433,0.159300906,0.145979958,0.15538601,0.16066006,0.153634817
